"name","replicate","expression","binding","kd","kon","koff","sequence","binding_strength"
" P01133-971-1023",1,"high","true",9.59821745799102e-8,70048.0324672482,0.00672336248125063,"NSDSECPLSHDGYCLHDGVCMYIEALDKYACNCVVGYIGERCQYRDLKWWELR","medium"
" P01133-971-1023",2,"high","true",7.39916013002593e-8,70316.606869831,0.00520283834029961,"NSDSECPLSHDGYCLHDGVCMYIEALDKYACNCVVGYIGERCQYRDLKWWELR","medium"
" P01133-971-1023",3,"high","true",1.08459492144492e-7,71749.3497284825,0.00778189803324876,"NSDSECPLSHDGYCLHDGVCMYIEALDKYACNCVVGYIGERCQYRDLKWWELR","medium"
" deepsatflow-design:7 n:0|mpnn:1.320|plddt:0.922|i_ptm:0.893|i_pae:4.337|rmsd:1.423",1,"high","false","null","null","null","SESELEAKRQELKELMEKTEEKARELLAKGDVAGARAAYGAYLLKAAE","none"
" deepsatflow-design:7 n:0|mpnn:1.320|plddt:0.922|i_ptm:0.893|i_pae:4.337|rmsd:1.423",2,"high","false","null","null","null","SESELEAKRQELKELMEKTEEKARELLAKGDVAGARAAYGAYLLKAAE","none"
" deepsatflow-design:7 n:0|mpnn:1.320|plddt:0.922|i_ptm:0.893|i_pae:4.337|rmsd:1.423",3,"high","false","null","null","null","SESELEAKRQELKELMEKTEEKARELLAKGDVAGARAAYGAYLLKAAE","none"
" gitter-yolo10",1,"high","false","null","null","null","QVQLVESGPGLVKPSQTLSLTCTVSGGSVSSGDYYWTWIRQPPGKGLEWIGYIYYSGNTNYNPSLKSRLTISRDTSKNQFSLKLNSVTAADTAIYYCARVSIFGVGTFDYWGQGTLVTVSSASTKGPSVFPLAPCSRSSESTAALGCLVKDYFPEPVTVSWNSG","none"
" gitter-yolo10",2,"low","false","null","null","null","QVQLVESGPGLVKPSQTLSLTCTVSGGSVSSGDYYWTWIRQPPGKGLEWIGYIYYSGNTNYNPSLKSRLTISRDTSKNQFSLKLNSVTAADTAIYYCARVSIFGVGTFDYWGQGTLVTVSSASTKGPSVFPLAPCSRSSESTAALGCLVKDYFPEPVTVSWNSG","none"
" gitter-yolo10",3,"medium","false","null","null","null","QVQLVESGPGLVKPSQTLSLTCTVSGGSVSSGDYYWTWIRQPPGKGLEWIGYIYYSGNTNYNPSLKSRLTISRDTSKNQFSLKLNSVTAADTAIYYCARVSIFGVGTFDYWGQGTLVTVSSASTKGPSVFPLAPCSRSSESTAALGCLVKDYFPEPVTVSWNSG","none"
" gitter-yolo2",1,"high","false","null","null","null","TVSGFDLTDYGVHWVRQSPGKGLEWLGVIWSGGNTDYNTPFTSRLSINKDNSKSQVFFKMNSLQSNDTAIYYCARALVHHSYEFAYWGQGTLVTVSAASTKGPSVFPLAPSSKSTSGGTAALGCLVKDYFPEPVTVSWNSGALTSGVHTFPAVLQSSGLYSLSSVVTVPSSSLNVRAYICNVNHKPSNTKVDKKVQAKSC","none"
" gitter-yolo2",2,"low","false","null","null","null","TVSGFDLTDYGVHWVRQSPGKGLEWLGVIWSGGNTDYNTPFTSRLSINKDNSKSQVFFKMNSLQSNDTAIYYCARALVHHSYEFAYWGQGTLVTVSAASTKGPSVFPLAPSSKSTSGGTAALGCLVKDYFPEPVTVSWNSGALTSGVHTFPAVLQSSGLYSLSSVVTVPSSSLNVRAYICNVNHKPSNTKVDKKVQAKSC","none"
" gitter-yolo2",3,"low","false","null","null","null","TVSGFDLTDYGVHWVRQSPGKGLEWLGVIWSGGNTDYNTPFTSRLSINKDNSKSQVFFKMNSLQSNDTAIYYCARALVHHSYEFAYWGQGTLVTVSAASTKGPSVFPLAPSSKSTSGGTAALGCLVKDYFPEPVTVSWNSGALTSGVHTFPAVLQSSGLYSLSSVVTVPSSSLNVRAYICNVNHKPSNTKVDKKVQAKSC","none"
" gitter-yolo3",1,"high","false","null","null","null","GSSHHHHHHGSMLNMWKVRELVDKATNVVMNYSEIESKVREATNDDPWGPSGQLMGEIAKATFMYEQFPELMNMLWSRMLKDNKKNWRRVYKSLLLLAYLIRNGSERVVTSAREHIYDLRSLENYHFVDEHGKDQGINIRQKVKELVEFAQDDDRLREERKKAKKNKDKYVGVSSD","none"
" gitter-yolo3",2,"high","false","null","null","null","GSSHHHHHHGSMLNMWKVRELVDKATNVVMNYSEIESKVREATNDDPWGPSGQLMGEIAKATFMYEQFPELMNMLWSRMLKDNKKNWRRVYKSLLLLAYLIRNGSERVVTSAREHIYDLRSLENYHFVDEHGKDQGINIRQKVKELVEFAQDDDRLREERKKAKKNKDKYVGVSSD","none"
" gitter-yolo3",3,"high","false","null","null","null","GSSHHHHHHGSMLNMWKVRELVDKATNVVMNYSEIESKVREATNDDPWGPSGQLMGEIAKATFMYEQFPELMNMLWSRMLKDNKKNWRRVYKSLLLLAYLIRNGSERVVTSAREHIYDLRSLENYHFVDEHGKDQGINIRQKVKELVEFAQDDDRLREERKKAKKNKDKYVGVSSD","none"
" gitter-yolo4",1,"high","false","null","null","null","MTTSSIRRQMKNIVNNYSEAEIKVREATSNDPWGPSSSLMTEIADLTYNVVAFSEIMSMVWKRLNDHGKNWRHVYKALTLLDYLIKTGSERVAQQCRENIFAIQTLKDFQYVDRDGKDQGVNVREKAKQLVALLKDEERLKAERAQALKTKERMAQVAT","none"
" gitter-yolo4",2,"high","false","null","null","null","MTTSSIRRQMKNIVNNYSEAEIKVREATSNDPWGPSSSLMTEIADLTYNVVAFSEIMSMVWKRLNDHGKNWRHVYKALTLLDYLIKTGSERVAQQCRENIFAIQTLKDFQYVDRDGKDQGVNVREKAKQLVALLKDEERLKAERAQALKTKERMAQVAT","none"
" gitter-yolo4",3,"high","false","null","null","null","MTTSSIRRQMKNIVNNYSEAEIKVREATSNDPWGPSSSLMTEIADLTYNVVAFSEIMSMVWKRLNDHGKNWRHVYKALTLLDYLIKTGSERVAQQCRENIFAIQTLKDFQYVDRDGKDQGVNVREKAKQLVALLKDEERLKAERAQALKTKERMAQVAT","none"
" gitter-yolo5",1,"high","false","null","null","null","MTTSSIRRQMKNIVNNYSEAEIKVREATSNDPWGPSSSLMTEIADLTYNVVAFSEIMSMIWKRLNDHGKNWRHVYKALTLLDYLIKTGSERVAQQCKENIFAIQTLKDFQYIDRDGKDQGINVREKSKQLVSLLKDDERLKTERAQALKT","none"
" gitter-yolo5",2,"high","unknown","null","null","null","MTTSSIRRQMKNIVNNYSEAEIKVREATSNDPWGPSSSLMTEIADLTYNVVAFSEIMSMIWKRLNDHGKNWRHVYKALTLLDYLIKTGSERVAQQCKENIFAIQTLKDFQYIDRDGKDQGINVREKSKQLVSLLKDDERLKTERAQALKT","unknown"
" gitter-yolo5",3,"high","false","null","null","null","MTTSSIRRQMKNIVNNYSEAEIKVREATSNDPWGPSSSLMTEIADLTYNVVAFSEIMSMIWKRLNDHGKNWRHVYKALTLLDYLIKTGSERVAQQCKENIFAIQTLKDFQYIDRDGKDQGINVREKSKQLVSLLKDDERLKTERAQALKT","none"
" gitter-yolo6",1,"high","false","null","null","null","MQSVLTQSPASLSASVGDRVTITCRASQDISNYLNWYQQKPGKAPKLLIYDASNLESGVPSRFSGSGSGTDFTFTISSLQPEDIATYFCQHFDHLPLAFGGGTKVEIKRTVAAPSVFIFPPSDEQLKSGTASVVCLLNNFYPREAKVQWKVDNALQSGNSQESVTEQDSKDSTYSLSSTLTLSKADYEKHKVYACEVTHQ","none"
" gitter-yolo6",2,"high","false","null","null","null","MQSVLTQSPASLSASVGDRVTITCRASQDISNYLNWYQQKPGKAPKLLIYDASNLESGVPSRFSGSGSGTDFTFTISSLQPEDIATYFCQHFDHLPLAFGGGTKVEIKRTVAAPSVFIFPPSDEQLKSGTASVVCLLNNFYPREAKVQWKVDNALQSGNSQESVTEQDSKDSTYSLSSTLTLSKADYEKHKVYACEVTHQ","none"
" gitter-yolo6",3,"high","false","null","null","null","MQSVLTQSPASLSASVGDRVTITCRASQDISNYLNWYQQKPGKAPKLLIYDASNLESGVPSRFSGSGSGTDFTFTISSLQPEDIATYFCQHFDHLPLAFGGGTKVEIKRTVAAPSVFIFPPSDEQLKSGTASVVCLLNNFYPREAKVQWKVDNALQSGNSQESVTEQDSKDSTYSLSSTLTLSKADYEKHKVYACEVTHQ","none"
" gitter-yolo7",1,"medium","false","null","null","null","QVQLQESGPGLVKPSETLSLTCTVSGGSISSGDYYWTWIRQPPGKGLEWLGVIWSGGNTDYNSPSLKSRLTISRDTSKNQFSLKLNSVTAADTAIYYCARVSIFGVGTFDYWGQGTLVTVSSASTKGPSVFPLAPSSKSTSGGTAALGCLVKDYFPEPVTVSWNSG","none"
" gitter-yolo7",2,"low","false","null","null","null","QVQLQESGPGLVKPSETLSLTCTVSGGSISSGDYYWTWIRQPPGKGLEWLGVIWSGGNTDYNSPSLKSRLTISRDTSKNQFSLKLNSVTAADTAIYYCARVSIFGVGTFDYWGQGTLVTVSSASTKGPSVFPLAPSSKSTSGGTAALGCLVKDYFPEPVTVSWNSG","none"
" gitter-yolo7",3,"medium","false","null","null","null","QVQLQESGPGLVKPSETLSLTCTVSGGSISSGDYYWTWIRQPPGKGLEWLGVIWSGGNTDYNSPSLKSRLTISRDTSKNQFSLKLNSVTAADTAIYYCARVSIFGVGTFDYWGQGTLVTVSSASTKGPSVFPLAPSSKSTSGGTAALGCLVKDYFPEPVTVSWNSG","none"
" gitter-yolo8",1,"medium","false","null","null","null","DIQMTQSPSSLSASVGDRVTITCRASQDISNYLNWYQQKPGKAPKLLIYDASNLESGVPSRFSGSGSGTDFTFTISSLQPEDIATYFCQHFDHLPLAFGGGTKVEIKRTVAAPSVFIFPPSDEQLKSGTASVVCLLNNFYPREAKVQWKVDNALQSGNSQESVTEQDSKDSTYSLSSTLTLSK","none"
" gitter-yolo8",2,"medium","false","null","null","null","DIQMTQSPSSLSASVGDRVTITCRASQDISNYLNWYQQKPGKAPKLLIYDASNLESGVPSRFSGSGSGTDFTFTISSLQPEDIATYFCQHFDHLPLAFGGGTKVEIKRTVAAPSVFIFPPSDEQLKSGTASVVCLLNNFYPREAKVQWKVDNALQSGNSQESVTEQDSKDSTYSLSSTLTLSK","none"
" gitter-yolo8",3,"medium","false","null","null","null","DIQMTQSPSSLSASVGDRVTITCRASQDISNYLNWYQQKPGKAPKLLIYDASNLESGVPSRFSGSGSGTDFTFTISSLQPEDIATYFCQHFDHLPLAFGGGTKVEIKRTVAAPSVFIFPPSDEQLKSGTASVVCLLNNFYPREAKVQWKVDNALQSGNSQESVTEQDSKDSTYSLSSTLTLSK","none"
" gitter-yolo9",1,"high","false","null","null","null","QVQLQESGPGLVKPSETLSLTCTVSGGSVSSGDYYWTWIRQSPGKGLEWIGHIYYSGNTNYNPSLKSRLTISIDTSKTQFSLKLSSVTAADTAIYYCVRDRVTGAFDIWGQGTMVTVSSASTKGPSVFPLAPCSRSSESTAALGCLVKDYFPEPVTVSWNSG","none"
" gitter-yolo9",2,"low","false","null","null","null","QVQLQESGPGLVKPSETLSLTCTVSGGSVSSGDYYWTWIRQSPGKGLEWIGHIYYSGNTNYNPSLKSRLTISIDTSKTQFSLKLSSVTAADTAIYYCVRDRVTGAFDIWGQGTMVTVSSASTKGPSVFPLAPCSRSSESTAALGCLVKDYFPEPVTVSWNSG","none"
" gitter-yolo9",3,"low","false","null","null","null","QVQLQESGPGLVKPSETLSLTCTVSGGSVSSGDYYWTWIRQSPGKGLEWIGHIYYSGNTNYNPSLKSRLTISIDTSKTQFSLKLSSVTAADTAIYYCVRDRVTGAFDIWGQGTMVTVSSASTKGPSVFPLAPCSRSSESTAALGCLVKDYFPEPVTVSWNSG","none"
