Design	Protocol	Length	Seed	Helicity	Target_Hotspot	Sequence	InterfaceResidues	MPNN_score	Average_pLDDT	Average_i_pTM	Average_i_pAE	Average_Binder_Energy_Score	Notes	TargetSettings	Filters	AdvancedSettings	ESM2_35M_PLL	METL-G-20M-1D
EGFR_l60_s241360_mpnn3	4stage	60	241360	-0.3		MSLKEKLIELSVQDWLAIHNKAPFEEQRRLYVESRKLEEELRKAGEEEPIGDEIVKKLEE	B7,B11,B14,B15,B18,B19,B24,B25,B27,B28,B31,B32,B34,B35,B38,B42,B47,B48,B49,B50,B51,B52,B54,B55,B58,B59	0.96	0.92	0.83	0.15	-158.89		EGFR_2	default_filters_1	4stage_multimer_1	-145.3143383	3.039886236
EGFR_l60_s241360_mpnn1	4stage	60	241360	-0.3		MSLKEKLVELSVEDWRAIHEGAPFEEQRRLYVESEALEKELREAGEEEPIGDEIVKKLEE	B7,B11,B14,B15,B18,B19,B21,B22,B23,B24,B25,B27,B28,B31,B32,B34,B35,B38,B48,B49,B50,B51,B52,B54,B55,B58,B59	0.93	0.91	0.82	0.17	-147.55		EGFR_2	default_filters_1	4stage_multimer_1	-146.235552	2.417559624
EGFR_l54_s382790_mpnn8	4stage	54	382790	-0.3		SEAKEKIDKKLEEMEKIDRGEPGYPEVSTREQYELTSEYLMFVWKVMEEEEAKK	B1,B3,B4,B7,B8,B11,B14,B15,B17,B18,B19,B20,B26,B27,B28,B29,B30,B32,B33,B36,B37,B39,B40,B41,B43,B44,B47,B48,B50,B51	1.07	0.9	0.84	0.15	-140.58		EGFR_3	default_filters_1	4stage_multimer_1	-144.9146968	3.042037964
EGFR_l54_s382790_mpnn5	4stage	54	382790	-0.3		SEAKKKIDEKLAEMERIDRGEPGYPEVSTREQYQMTSDYLMFVWEVMEEEEKKK	B4,B7,B8,B11,B14,B15,B17,B18,B19,B20,B26,B27,B28,B29,B30,B32,B33,B36,B37,B39,B40,B41,B43,B44,B47,B48,B51	1.06	0.89	0.83	0.16	-137.41		EGFR_3	default_filters_1	4stage_multimer_1	-139.5296019	2.669968843
EGFR_l64_s418288_mpnn10	4stage	64	418288	-0.3		SLKERMLAVARELKAQGVKDVWEAFAPLWVAMFDYREEHGGYSNAEMWAAHQEVWPEMEKIFAE	B20,B22,B23,B25,B26,B27,B29,B30,B33,B34,B36,B37,B40,B41,B42,B43,B44,B45,B47,B48,B51,B52,B55	0.89	0.9	0.82	0.15	-152.8		EGFR_2	default_filters_1	4stage_multimer_2	-163.5331853	3.551367044
EGFR_l64_s570476_mpnn1	4stage	64	570476	-0.3		SDELVAAEFMTKDLVGWSKHKRHFSKEFMLDWWEDYKNHFKDTKDEEVKKMLEEAGKKIEEIYS	B2,B3,B5,B6,B9,B10,B12,B13,B17,B20,B21,B22,B23,B24,B25,B28,B31,B32,B35,B36,B39	0.86	0.89	0.82	0.17	-159		EGFR_2	default_filters_1	4stage_multimer_1	-167.4407399	2.632540226
EGFR_l61_s584422_mpnn3	4stage	61	584422	-0.3	356,440-441	SEDQKWEYVFQADYILFSSAKTKLTPEEYWKKSEELMEKILKMSKEEQEKFLAELEKEVNA	B3,B4,B6,B7,B9,B10,B11,B13,B14,B17,B18,B19,B20,B23,B24,B25,B26,B29,B30,B33,B34,B37	0.99	0.88	0.82	0.17	-141.85		EGFR_5	default_filters_1	4stage_multimer_2	-142.0271487	2.275822163
EGFR_l60_s632945_mpnn4	4stage	60	632945	-0.3		SEKEKIEKEVEKLNEELYETTQEYIATDPRKDPEKANELWKKWQEISDKIFSLVWEMMNS	B7,B10,B11,B14,B15,B17,B18,B21,B22,B24,B25,B27,B28,B29,B30,B33,B36,B37,B39,B40,B43,B44,B47,B48,B50,B51,B52,B54,B55,B57,B58,B59	1.08	0.93	0.85	0.14	-163.21		EGFR_3	default_filters_1	4stage_multimer_1	-136.8543854	2.453645229
EGFR_l52_s649556_mpnn10	4stage	52	649556	-0.3		MEIPAAHLYIELEHAKEKNFSEEEFREWAVRIYGVEPPPLEEVEKIVEEYMS	B1,B4,B6,B7,B9,B10,B11,B13,B14,B17,B28,B30,B31,B32,B33,B34,B50,B51,B52	0.91	0.92	0.85	0.15	-143.69		EGFR_3	default_filters_1	4stage_multimer_1	-121.9846623	3.297661781
EGFR_l51_s672443_mpnn3	4stage	51	672443	-0.3		SKKEKEEQVVKYFILSTEYEMEYRRKGGDPEYKKKAEEYSKKVMELYKELE	B2,B6,B7,B9,B10,B13,B14,B16,B17,B20,B21,B24,B25,B40,B43,B44,B47,B48,B50,B51	1.15	0.92	0.82	0.16	-134.18		EGFR_3	default_filters_1	4stage_multimer_1	-114.7297433	1.617738962
EGFR_l54_s733980_mpnn1	4stage	54	733980	-0.3		DEEKKKVEEEWYKKDKEIADKIYNGEGTEEEHEKLSKEWVETTYKFVIEMQRLM	B11,B12,B15,B16,B19,B20,B22,B23,B24,B25,B29,B32,B33,B36,B37,B39,B40,B41,B43,B44,B46,B47,B48,B50,B51,B52,B54	0.95	0.9	0.83	0.17	-141.66		EGFR_3	default_filters_1	4stage_multimer_1	-121.1745971	2.47611618
EGFR_l63_s786397_mpnn2	4stage	63	786397	-1		APLTEYEKKIEELWDVVHNVPDMEVRRKAIDLVFDLQVTHKITEEQKKEFEEILKEAKEALAK	B14,B17,B18,B21,B23,B26,B27,B30,B31,B33,B34,B35,B37,B38,B40	1.01	0.91	0.82	0.17	-164.56		EGFR_2	default_filters_1	4stage_multimer_3	-138.8746158	2.134640455
EGFR_l62_s815249_mpnn2	4stage	62	815249	-0.3		SAKEKVEKIIEIVRKEYGQHAADVLQVTFDHHKNMDDEVLLFAVSSVLEALGIKDREKLMNL	B19,B20,B23,B24,B27,B28,B31,B32,B34,B35,B36,B38,B39,B42,B43,B45,B46,B47,B49,B50,B51,B56	0.75	0.94	0.88	0.14	-165.69		EGFR_2	default_filters_1	4stage_multimer_1	-154.7107706	1.590272188
EGFR_l67_s887259_mpnn2	4stage	67	887259	-0.3		EREERTREWVRMMQEVWVALGPGGKWEEALRLLEEAERRFDADPEEMEWYREDFEVYYKEMKKFEES	B5,B6,B7,B9,B10,B13,B14,B17,B18,B20,B21,B22,B40,B42,B43,B46,B47,B49,B50,B53,B56,B57,B60,B61,B63,B64,B67	1.1	0.91	0.82	0.16	-169.63		EGFR_2	default_filters_1	4stage_multimer_1	-167.2627033	2.700200319
EGFR_l62_s954907_mpnn6	4stage	62	954907	-0.3		MEDLSPAELWKEIERLQMEIMMAPREERPKVYEKYDEVDKRFFDWLWTATDEEFDAAEAARK	B10,B13,B14,B17,B18,B20,B21,B22,B28,B32,B35,B36,B39,B40,B42,B43,B46,B47,B48,B49,B50,B51,B54,B55	0.97	0.9	0.84	0.17	-136.8		EGFR_2	default_filters_1	4stage_multimer_2	-143.0244708	3.456866264
EGFR_l62_s954907_mpnn3	4stage	62	954907	-0.3		MKDLSPAELWKKIEELQMKIMMAPREERPKIYKEYDEVDKRFFDWLWTATDEEFDKAEEERK	B10,B13,B14,B15,B17,B18,B20,B21,B22,B25,B28,B32,B35,B36,B39,B40,B42,B43,B46,B47,B48,B49,B50,B51,B54,B55	0.95	0.9	0.83	0.17	-150.97		EGFR_2	default_filters_1	4stage_multimer_2	-138.2807251	3.432466269
EGFR_l62_s958143_mpnn2	4stage	62	958143	-0.3		SDEEVMRIVAMLVADDYMWVKKYRPGNEVLEKQVEWLVDHYVEKFKSEKVRELFEEEVKKQE	B1,B2,B4,B5,B8,B9,B11,B12,B15,B16,B19,B20,B24,B27,B28,B29,B30,B32,B33,B34,B36,B37,B39,B40,B41,B44,B45,B61	0.86	0.94	0.87	0.12	-175.82		EGFR_2	default_filters_1	4stage_multimer_2	-163.7325212	2.833073139
EGFR_l62_s958143_mpnn1	4stage	62	958143	-0.3		SKEEVMKIVAMLVADDYMWVKKNRPGNEVLEKQVEWLVDHYVEKFNSEKVRELFEEEVKKQE	B1,B2,B4,B5,B8,B9,B11,B12,B15,B16,B19,B20,B24,B27,B29,B30,B32,B33,B34,B36,B37,B39,B40,B41,B44,B45,B61	0.86	0.94	0.86	0.13	-172.76		EGFR_2	default_filters_1	4stage_multimer_2	-158.499114	3.274341345
