Rank	Design	Protocol	Length	Seed	Helicity	Target_Hotspot	Sequence	InterfaceResidues	MPNN_score	MPNN_seq_recovery	Average_pLDDT	1_pLDDT	2_pLDDT	3_pLDDT	4_pLDDT	5_pLDDT	Average_pTM	1_pTM	2_pTM	3_pTM	4_pTM	5_pTM	Average_i_pTM	1_i_pTM	2_i_pTM	3_i_pTM	4_i_pTM	5_i_pTM	Average_pAE	1_pAE	2_pAE	3_pAE	4_pAE	5_pAE	Average_i_pAE	1_i_pAE	2_i_pAE	3_i_pAE	4_i_pAE	5_i_pAE	Average_i_pLDDT	1_i_pLDDT	2_i_pLDDT	3_i_pLDDT	4_i_pLDDT	5_i_pLDDT	Average_ss_pLDDT	1_ss_pLDDT	2_ss_pLDDT	3_ss_pLDDT	4_ss_pLDDT	5_ss_pLDDT	Average_Unrelaxed_Clashes	1_Unrelaxed_Clashes	2_Unrelaxed_Clashes	3_Unrelaxed_Clashes	4_Unrelaxed_Clashes	5_Unrelaxed_Clashes	Average_Relaxed_Clashes	1_Relaxed_Clashes	2_Relaxed_Clashes	3_Relaxed_Clashes	4_Relaxed_Clashes	5_Relaxed_Clashes	Average_Binder_Energy_Score	1_Binder_Energy_Score	2_Binder_Energy_Score	3_Binder_Energy_Score	4_Binder_Energy_Score	5_Binder_Energy_Score	Average_Surface_Hydrophobicity	1_Surface_Hydrophobicity	2_Surface_Hydrophobicity	3_Surface_Hydrophobicity	4_Surface_Hydrophobicity	5_Surface_Hydrophobicity	Average_ShapeComplementarity	1_ShapeComplementarity	2_ShapeComplementarity	3_ShapeComplementarity	4_ShapeComplementarity	5_ShapeComplementarity	Average_PackStat	1_PackStat	2_PackStat	3_PackStat	4_PackStat	5_PackStat	Average_dG	1_dG	2_dG	3_dG	4_dG	5_dG	Average_dSASA	1_dSASA	2_dSASA	3_dSASA	4_dSASA	5_dSASA	Average_dG/dSASA	1_dG/dSASA	2_dG/dSASA	3_dG/dSASA	4_dG/dSASA	5_dG/dSASA	Average_Interface_SASA_%	1_Interface_SASA_%	2_Interface_SASA_%	3_Interface_SASA_%	4_Interface_SASA_%	5_Interface_SASA_%	Average_Interface_Hydrophobicity	1_Interface_Hydrophobicity	2_Interface_Hydrophobicity	3_Interface_Hydrophobicity	4_Interface_Hydrophobicity	5_Interface_Hydrophobicity	Average_n_InterfaceResidues	1_n_InterfaceResidues	2_n_InterfaceResidues	3_n_InterfaceResidues	4_n_InterfaceResidues	5_n_InterfaceResidues	Average_n_InterfaceHbonds	1_n_InterfaceHbonds	2_n_InterfaceHbonds	3_n_InterfaceHbonds	4_n_InterfaceHbonds	5_n_InterfaceHbonds	Average_InterfaceHbondsPercentage	1_InterfaceHbondsPercentage	2_InterfaceHbondsPercentage	3_InterfaceHbondsPercentage	4_InterfaceHbondsPercentage	5_InterfaceHbondsPercentage	Average_n_InterfaceUnsatHbonds	1_n_InterfaceUnsatHbonds	2_n_InterfaceUnsatHbonds	3_n_InterfaceUnsatHbonds	4_n_InterfaceUnsatHbonds	5_n_InterfaceUnsatHbonds	Average_InterfaceUnsatHbondsPercentage	1_InterfaceUnsatHbondsPercentage	2_InterfaceUnsatHbondsPercentage	3_InterfaceUnsatHbondsPercentage	4_InterfaceUnsatHbondsPercentage	5_InterfaceUnsatHbondsPercentage	Average_Interface_Helix%	1_Interface_Helix%	2_Interface_Helix%	3_Interface_Helix%	4_Interface_Helix%	5_Interface_Helix%	Average_Interface_BetaSheet%	1_Interface_BetaSheet%	2_Interface_BetaSheet%	3_Interface_BetaSheet%	4_Interface_BetaSheet%	5_Interface_BetaSheet%	Average_Interface_Loop%	1_Interface_Loop%	2_Interface_Loop%	3_Interface_Loop%	4_Interface_Loop%	5_Interface_Loop%	Average_Binder_Helix%	1_Binder_Helix%	2_Binder_Helix%	3_Binder_Helix%	4_Binder_Helix%	5_Binder_Helix%	Average_Binder_BetaSheet%	1_Binder_BetaSheet%	2_Binder_BetaSheet%	3_Binder_BetaSheet%	4_Binder_BetaSheet%	5_Binder_BetaSheet%	Average_Binder_Loop%	1_Binder_Loop%	2_Binder_Loop%	3_Binder_Loop%	4_Binder_Loop%	5_Binder_Loop%	Average_InterfaceAAs	1_InterfaceAAs	2_InterfaceAAs	3_InterfaceAAs	4_InterfaceAAs	5_InterfaceAAs	Average_Hotspot_RMSD	1_Hotspot_RMSD	2_Hotspot_RMSD	3_Hotspot_RMSD	4_Hotspot_RMSD	5_Hotspot_RMSD	Average_Target_RMSD	1_Target_RMSD	2_Target_RMSD	3_Target_RMSD	4_Target_RMSD	5_Target_RMSD	Average_Binder_pLDDT	1_Binder_pLDDT	2_Binder_pLDDT	3_Binder_pLDDT	4_Binder_pLDDT	5_Binder_pLDDT	Average_Binder_pTM	1_Binder_pTM	2_Binder_pTM	3_Binder_pTM	4_Binder_pTM	5_Binder_pTM	Average_Binder_pAE	1_Binder_pAE	2_Binder_pAE	3_Binder_pAE	4_Binder_pAE	5_Binder_pAE	Average_Binder_RMSD	1_Binder_RMSD	2_Binder_RMSD	3_Binder_RMSD	4_Binder_RMSD	5_Binder_RMSD	DesignTime	Notes	TargetSettings	Filters	AdvancedSettings	ESM2_650M_PLL	ESM2_150M_PLL	ESM2_35M_PLL
	EGFR_l73_s442942_mpnn1	4stage	73	442942	-0.3		SKYQEVLESLQPEIDKLPEKEKADFTRDLQKIVDNAEDIAAMGEPEEEVDRLFNFFLDDFMRVFNRQLSMMPP	B17,B18,B20,B21,B24,B27,B28,B31,B35,B38,B39,B42,B44,B51,B52,B54,B55,B56,B58,B59,B62,B63,B66,B67,B70,B71,B72	0.97	0.55	0.86	0.87	0.86				0.84	0.86	0.83				0.66	0.72	0.59				0.23	0.21	0.26				0.29	0.25	0.33				0.83	0.85	0.82				0.88	0.88	0.87				4.5	4	5				0.0	0	0				-185.39	-187.13	-183.65				0.22	0.23	0.21				0.65	0.67	0.63				0.59	0.64	0.54				-51.51	-52.52	-50.49				2249.86	2306.88	2192.85				-2.29	-2.28	-2.3				54.41	55.4	53.41				39.34	37.93	40.74				28.0	29	27				8.0	9	7				28.48	31.03	25.93				4.0	4.0	4.0				14.3	13.79	14.81				85.35	85.71	85.0				0.0	0.0	0.0				14.64	14.29	15.0				82.19	82.19	82.19				0.0	0.0	0.0				17.81	17.81	17.81				{'A': 0.0, 'C': 0.0, 'D': 5.5, 'E': 2.5, 'F': 2.0, 'G': 0.0, 'H': 0.0, 'I': 1.0, 'K': 2.0, 'L': 2.0, 'M': 3.0, 'N': 2.0, 'P': 2.0, 'Q': 1.0, 'R': 4.0, 'S': 0.0, 'T': 0.0, 'V': 1.0, 'W': 0.0, 'Y': 0.0}	{'A': 0, 'C': 0, 'D': 6, 'E': 3, 'F': 2, 'G': 0, 'H': 0, 'I': 1, 'K': 2, 'L': 2, 'M': 3, 'N': 2, 'P': 2, 'Q': 1, 'R': 4, 'S': 0, 'T': 0, 'V': 1, 'W': 0, 'Y': 0}	{'A': 0, 'C': 0, 'D': 5, 'E': 2, 'F': 2, 'G': 0, 'H': 0, 'I': 1, 'K': 2, 'L': 2, 'M': 3, 'N': 2, 'P': 2, 'Q': 1, 'R': 4, 'S': 0, 'T': 0, 'V': 1, 'W': 0, 'Y': 0}				1.02	0.91	1.12				0.41	0.44	0.38				0.9	0.89	0.9				0.72	0.7	0.74				0.14	0.15	0.13				1.17	1.14	1.2				0 hours, 1 minutes, 31 seconds	Absorption value is 1.72, consider adding tryptophane to design.	EGFR_2	default_filters_1	4stage_multimer_1	-182.08081153035164	-182.62443590164185	-189.7732563316822
	EGFR_l104_s953667_mpnn5	4stage	104	953667	-0.3		SKALEYFGSLSEEEFERLREELDELMVRGKQVGLVTREAHWLFEEIMFALEKNVPKEYAEITLEHWRAQLEKHPDNPFYRVLLALIEGDREAFEAELARFRALV	B19,B23,B26,B27,B30,B35,B37,B38,B40,B41,B44,B45,B48,B52,B54,B55,B57,B58,B61,B62,B65,B66	0.88	0.5	0.87	0.89	0.85				0.87	0.89	0.85				0.77	0.83	0.72				0.18	0.14	0.22				0.22	0.16	0.27				0.84	0.89	0.8				0.88	0.89	0.86				2.5	1	4				0.0	0	0				-266.19	-264.36	-268.01				0.21	0.21	0.21				0.63	0.62	0.64				0.59	0.59	0.59				-48.38	-48.66	-48.09				2292.36	2452.1	2132.62				-2.12	-1.98	-2.26				42.03	44.78	39.27				43.56	41.67	45.45				23.0	24	22				8.0	10	6				34.47	41.67	27.27				4.0	4.0	4.0				17.43	16.67	18.18				86.55	88.89	84.21				0.0	0.0	0.0				13.45	11.11	15.79				79.81	79.81	79.81				0.0	0.0	0.0				20.19	20.19	20.19				{'A': 0.0, 'C': 0.0, 'D': 1.0, 'E': 4.5, 'F': 1.0, 'G': 0.0, 'H': 2.0, 'I': 1.0, 'K': 2.0, 'L': 0.0, 'M': 1.0, 'N': 0.0, 'P': 1.0, 'Q': 0.0, 'R': 2.0, 'S': 0.0, 'T': 1.5, 'V': 3.0, 'W': 2.0, 'Y': 1.0}	{'A': 0, 'C': 0, 'D': 1, 'E': 5, 'F': 1, 'G': 0, 'H': 2, 'I': 1, 'K': 2, 'L': 0, 'M': 1, 'N': 0, 'P': 1, 'Q': 0, 'R': 2, 'S': 0, 'T': 2, 'V': 3, 'W': 2, 'Y': 1}	{'A': 0, 'C': 0, 'D': 1, 'E': 4, 'F': 1, 'G': 0, 'H': 2, 'I': 1, 'K': 2, 'L': 0, 'M': 1, 'N': 0, 'P': 1, 'Q': 0, 'R': 2, 'S': 0, 'T': 1, 'V': 3, 'W': 2, 'Y': 1}				2.25	2.31	2.19				0.36	0.36	0.36				0.9	0.91	0.88				0.81	0.8	0.81				0.12	0.11	0.13				1.11	0.9	1.33				0 hours, 1 minutes, 36 seconds		EGFR_2	default_filters_1	4stage_multimer_1	-235.00469061732292	-238.16469113528728	-244.39932185411453
	EGFR_l104_s953667_mpnn15	4stage	104	953667	-0.3		SKALERFGSLSEEEFEALREELDELMVKGKQKGLVTREAHWLYEEILFALEKNVPKEYAEITLNHWRKQLEKHPDNPFYRVLLLMIEGDWEGFEAEKAKFEGLL	B15,B16,B23,B26,B27,B30,B37,B40,B41,B43,B44,B45,B48,B51,B53,B54,B55,B56,B57,B58,B61,B62,B65,B66	0.92	0.45	0.86	0.83	0.9				0.89	0.88	0.9				0.81	0.8	0.83				0.15	0.17	0.13				0.17	0.19	0.16				0.87	0.84	0.9				0.88	0.84	0.91				1.5	1	2				0.0	0	0				-264.73	-253.7	-275.75				0.2	0.2	0.2				0.61	0.55	0.67				0.6	0.6	0.6				-47.55	-46.53	-48.57				2084.57	2117.95	2051.19				-2.29	-2.2	-2.37				38.89	39.2	38.57				44.34	42.86	45.83				22.5	21	24				5.5	5	6				24.41	23.81	25.0				3.5	4.0	3.0				15.78	19.05	12.5				83.28	84.21	82.35				0.0	0.0	0.0				16.72	15.79	17.65				78.85	78.85	78.85				0.0	0.0	0.0				21.15	21.15	21.15				{'A': 0.0, 'C': 0.0, 'D': 1.0, 'E': 4.5, 'F': 1.5, 'G': 0.0, 'H': 2.0, 'I': 1.0, 'K': 2.0, 'L': 0.0, 'M': 1.0, 'N': 0.5, 'P': 1.0, 'Q': 0.0, 'R': 1.5, 'S': 0.0, 'T': 1.0, 'V': 2.0, 'W': 2.0, 'Y': 1.5}	{'A': 0, 'C': 0, 'D': 1, 'E': 4, 'F': 1, 'G': 0, 'H': 2, 'I': 1, 'K': 2, 'L': 0, 'M': 1, 'N': 0, 'P': 1, 'Q': 0, 'R': 2, 'S': 0, 'T': 1, 'V': 2, 'W': 2, 'Y': 1}	{'A': 0, 'C': 0, 'D': 1, 'E': 5, 'F': 2, 'G': 0, 'H': 2, 'I': 1, 'K': 2, 'L': 0, 'M': 1, 'N': 1, 'P': 1, 'Q': 0, 'R': 1, 'S': 0, 'T': 1, 'V': 2, 'W': 2, 'Y': 2}				1.84	2.25	1.44				0.36	0.37	0.36				0.91	0.89	0.92				0.79	0.77	0.82				0.1	0.12	0.09				1.02	0.96	1.07				0 hours, 1 minutes, 35 seconds		EGFR_2	default_filters_1	4stage_multimer_1	-237.24716165661812	-233.05031090974808	-246.91431844234467
1.0	EGFR_l115_s477199_mpnn2	4stage	115	477199	-0.3		SVEEEFEEALEKLPPELKELMKEFYEELKKYVEKWTGSSEEFNRLLERVTHAIKHGTEEEVVSYAIWASNEAILTVLGESMKREEANGGKTTEEEKKEEHEVVETFQGIEDKLLA	B48,B51,B52,B55,B56,B57,B59,B60,B62,B63,B64,B66,B67,B70,B71,B73,B74,B75,B77,B78,B81,B82,B84,B85,B89,B99,B100,B103,B104,B107,B110,B111,B114	0.92	0.52	0.94	0.94	0.95				0.92	0.91	0.92				0.89	0.89	0.89				0.11	0.11	0.11				0.13	0.13	0.13				0.94	0.94	0.95				0.95	0.95	0.96				4.5	4	5				0.0	0	0				-321.12	-320.73	-321.5				0.2	0.2	0.19				0.68	0.7	0.66				0.57	0.61	0.53				-63.5	-63.4	-63.61				2611.18	2645.55	2576.8				-2.44	-2.4	-2.47				45.42	45.56	45.28				31.81	30.3	33.33				33.0	33	33				9.5	10	9				28.79	30.3	27.27				3.5	3.0	4.0				10.61	9.09	12.12				96.61	96.67	96.55				0.0	0.0	0.0				3.39	3.33	3.45				85.66	86.09	85.22				0.0	0.0	0.0				14.34	13.91	14.78				{'A': 1.0, 'C': 0.0, 'D': 1.0, 'E': 8.0, 'F': 0.0, 'G': 2.5, 'H': 3.0, 'I': 2.0, 'K': 1.0, 'L': 3.0, 'M': 1.0, 'N': 1.0, 'P': 0.0, 'Q': 1.0, 'R': 1.0, 'S': 1.5, 'T': 2.5, 'V': 1.5, 'W': 1.0, 'Y': 1.0}	{'A': 1, 'C': 0, 'D': 1, 'E': 8, 'F': 0, 'G': 2, 'H': 3, 'I': 2, 'K': 1, 'L': 3, 'M': 1, 'N': 1, 'P': 0, 'Q': 1, 'R': 1, 'S': 2, 'T': 3, 'V': 1, 'W': 1, 'Y': 1}	{'A': 1, 'C': 0, 'D': 1, 'E': 8, 'F': 0, 'G': 3, 'H': 3, 'I': 2, 'K': 1, 'L': 3, 'M': 1, 'N': 1, 'P': 0, 'Q': 1, 'R': 1, 'S': 1, 'T': 2, 'V': 2, 'W': 1, 'Y': 1}				1.07	1.09	1.05				0.38	0.39	0.36				0.95	0.94	0.96				0.85	0.84	0.87				0.08	0.09	0.08				1.02	1.03	1.01				0 hours, 1 minutes, 43 seconds		EGFR_2	default_filters_1	4stage_multimer_1	-289.3821802139282	-290.80193108320236	-294.05519765615463
2.0	EGFR_l115_s477199_mpnn3	4stage	115	477199	-0.3		SVEERFERALERLDEKLKELLLRFKEVLKKYVEKWTGSSEEYNRLLERVTHAIEHGTEEEVISYVIWAGNEAILTVLGESMKREEENGGKTTKEELEEEHKVVEELQKIEDELLS	B51,B52,B55,B56,B59,B60,B62,B63,B64,B66,B67,B70,B71,B73,B74,B75,B77,B78,B80,B81,B82,B85,B96,B99,B100,B103,B104,B107,B111,B114	0.93	0.4	0.93	0.91	0.95				0.91	0.9	0.91				0.87	0.86	0.88				0.12	0.13	0.12				0.15	0.15	0.14				0.93	0.92	0.94				0.94	0.92	0.95				4.0	6	2				0.0	0	0				-317.78	-314.42	-321.15				0.17	0.17	0.17				0.71	0.7	0.72				0.59	0.59	0.59				-65.4	-63.85	-66.95				2603.95	2704.3	2503.59				-2.51	-2.36	-2.67				44.31	45.45	43.18				36.66	33.33	40.0				31.5	33	30				10.0	9	11				31.97	27.27	36.67				3.0	4.0	2.0				9.39	12.12	6.67				96.53	96.77	96.3				0.0	0.0	0.0				3.46	3.23	3.7				85.66	86.09	85.22				0.0	0.0	0.0				14.34	13.91	14.78				{'A': 1.0, 'C': 0.0, 'D': 1.0, 'E': 7.0, 'F': 0.0, 'G': 2.5, 'H': 3.0, 'I': 2.5, 'K': 1.0, 'L': 4.0, 'M': 1.0, 'N': 1.0, 'P': 0.0, 'Q': 1.0, 'R': 0.5, 'S': 1.5, 'T': 1.5, 'V': 1.0, 'W': 1.0, 'Y': 1.0}	{'A': 1, 'C': 0, 'D': 1, 'E': 8, 'F': 0, 'G': 3, 'H': 3, 'I': 2, 'K': 1, 'L': 4, 'M': 1, 'N': 1, 'P': 0, 'Q': 1, 'R': 1, 'S': 1, 'T': 2, 'V': 1, 'W': 1, 'Y': 1}	{'A': 1, 'C': 0, 'D': 1, 'E': 6, 'F': 0, 'G': 2, 'H': 3, 'I': 3, 'K': 1, 'L': 4, 'M': 1, 'N': 1, 'P': 0, 'Q': 1, 'R': 0, 'S': 2, 'T': 1, 'V': 1, 'W': 1, 'Y': 1}				1.31	1.3	1.32				0.36	0.38	0.34				0.95	0.93	0.96				0.85	0.83	0.87				0.1	0.11	0.09				1.16	1.2	1.12				0 hours, 1 minutes, 49 seconds		EGFR_2	default_filters_1	4stage_multimer_1	-278.86252251267433	-287.0293297767639	-290.6535628437996
3.0	EGFR_l60_s241360_mpnn3	4stage	60	241360	-0.3		MSLKEKLIELSVQDWLAIHNKAPFEEQRRLYVESRKLEEELRKAGEEEPIGDEIVKKLEE	B7,B11,B14,B15,B18,B19,B24,B25,B27,B28,B31,B32,B34,B35,B38,B42,B47,B48,B49,B50,B51,B52,B54,B55,B58,B59	0.96	0.32	0.92	0.91	0.92				0.9	0.89	0.9				0.83	0.83	0.83				0.14	0.14	0.13				0.15	0.15	0.15				0.91	0.9	0.91				0.93	0.92	0.93				4.0	6	2				0.0	0	0				-158.89	-161.96	-155.82				0.22	0.22	0.22				0.68	0.65	0.7				0.57	0.58	0.56				-52.91	-48.44	-57.37				2282.94	2242.96	2322.93				-2.32	-2.16	-2.47				62.63	61.22	64.05				43.16	44.0	42.31				25.5	25	26				6.5	5	8				25.38	20.0	30.77				3.0	3.0	3.0				11.77	12.0	11.54				85.21	80.95	89.47				0.0	0.0	0.0				14.79	19.05	10.53				76.67	76.67	76.67				0.0	0.0	0.0				23.33	23.33	23.33				{'A': 0.0, 'C': 0.0, 'D': 2.0, 'E': 4.5, 'F': 1.0, 'G': 1.0, 'H': 1.0, 'I': 3.0, 'K': 0.5, 'L': 2.0, 'M': 0.0, 'N': 0.0, 'P': 1.0, 'Q': 1.0, 'R': 2.5, 'S': 2.0, 'T': 0.0, 'V': 2.0, 'W': 1.0, 'Y': 1.0}	{'A': 0, 'C': 0, 'D': 2, 'E': 4, 'F': 1, 'G': 1, 'H': 1, 'I': 3, 'K': 1, 'L': 2, 'M': 0, 'N': 0, 'P': 1, 'Q': 1, 'R': 2, 'S': 2, 'T': 0, 'V': 2, 'W': 1, 'Y': 1}	{'A': 0, 'C': 0, 'D': 2, 'E': 5, 'F': 1, 'G': 1, 'H': 1, 'I': 3, 'K': 0, 'L': 2, 'M': 0, 'N': 0, 'P': 1, 'Q': 1, 'R': 3, 'S': 2, 'T': 0, 'V': 2, 'W': 1, 'Y': 1}				2.06	2.08	2.05				0.4	0.42	0.38				0.95	0.94	0.96				0.77	0.76	0.78				0.08	0.09	0.08				1.64	1.62	1.66				0 hours, 1 minutes, 15 seconds		EGFR_2	default_filters_1	4stage_multimer_1	-125.9108987620566	-145.66030738595873	-145.31433829292655
4.0	EGFR_l60_s241360_mpnn1	4stage	60	241360	-0.3		MSLKEKLVELSVEDWRAIHEGAPFEEQRRLYVESEALEKELREAGEEEPIGDEIVKKLEE	B7,B11,B14,B15,B18,B19,B21,B22,B23,B24,B25,B27,B28,B31,B32,B34,B35,B38,B48,B49,B50,B51,B52,B54,B55,B58,B59	0.93	0.44	0.91	0.9	0.91				0.9	0.89	0.9				0.82	0.82	0.82				0.15	0.15	0.15				0.17	0.17	0.17				0.9	0.89	0.9				0.92	0.91	0.92				2.0	2	2				0.0	0	0				-147.55	-149.83	-145.27				0.23	0.23	0.23				0.66	0.61	0.7				0.56	0.6	0.53				-56.72	-53.65	-59.78				2163.39	2050.67	2276.12				-2.62	-2.62	-2.63				62.02	59.33	64.7				46.08	44.0	48.15				26.0	25	27				7.5	7	8				28.81	28.0	29.63				2.0	1.0	3.0				7.55	4.0	11.11				89.73	90.0	89.47				0.0	0.0	0.0				10.27	10.0	10.53				76.67	76.67	76.67				0.0	0.0	0.0				23.33	23.33	23.33				{'A': 0.5, 'C': 0.0, 'D': 1.5, 'E': 5.0, 'F': 1.0, 'G': 2.0, 'H': 1.0, 'I': 3.0, 'K': 0.0, 'L': 2.0, 'M': 0.0, 'N': 0.0, 'P': 1.5, 'Q': 1.0, 'R': 1.5, 'S': 2.0, 'T': 0.0, 'V': 2.0, 'W': 1.0, 'Y': 1.0}	{'A': 0, 'C': 0, 'D': 1, 'E': 5, 'F': 1, 'G': 2, 'H': 1, 'I': 3, 'K': 0, 'L': 2, 'M': 0, 'N': 0, 'P': 1, 'Q': 1, 'R': 2, 'S': 2, 'T': 0, 'V': 2, 'W': 1, 'Y': 1}	{'A': 1, 'C': 0, 'D': 2, 'E': 5, 'F': 1, 'G': 2, 'H': 1, 'I': 3, 'K': 0, 'L': 2, 'M': 0, 'N': 0, 'P': 2, 'Q': 1, 'R': 1, 'S': 2, 'T': 0, 'V': 2, 'W': 1, 'Y': 1}				2.02	1.99	2.06				0.4	0.41	0.38				0.95	0.94	0.96				0.76	0.74	0.78				0.09	0.1	0.08				1.65	1.63	1.67				0 hours, 1 minutes, 27 seconds		EGFR_2	default_filters_1	4stage_multimer_1	-130.12111895042472	-145.8707883739844	-146.23555200826377
5.0	EGFR_l98_s616891_mpnn4	4stage	98	616891	-0.3		LSPEVQEHLAIVEENREKALELSKDPRAKEAAEKAIELLDRARELLLRYAETGDEAAEEEARRHAVRARHIIYGIEFALQVEKMTGEEVKYTFWPHWE	B7,B8,B11,B12,B42,B46,B61,B62,B63,B65,B66,B67,B69,B70,B73,B74,B75,B77,B78,B81,B84,B85,B87,B89,B90,B91,B92,B94,B95,B96,B97	0.98	0.3	0.88	0.87	0.89				0.85	0.84	0.86				0.75	0.73	0.77				0.2	0.21	0.18				0.23	0.25	0.22				0.82	0.83	0.81				0.9	0.89	0.91				3.5	5	2				0.0	0	0				-252.68	-249.95	-255.4				0.21	0.2	0.22				0.63	0.62	0.64				0.56	0.58	0.54				-67.09	-68.02	-66.15				2564.14	2494.92	2633.35				-2.62	-2.73	-2.51				46.38	44.66	48.09				57.37	56.67	58.06				30.5	30	31				7.5	8	7				24.62	26.67	22.58				3.0	3.0	3.0				9.84	10.0	9.68				79.59	80.0	79.17				0.0	0.0	0.0				20.41	20.0	20.83				79.59	79.59	79.59				0.0	0.0	0.0				20.41	20.41	20.41				{'A': 4.0, 'C': 0.0, 'D': 0.0, 'E': 2.5, 'F': 1.5, 'G': 1.0, 'H': 2.5, 'I': 1.5, 'K': 1.0, 'L': 1.0, 'M': 1.0, 'N': 0.0, 'P': 0.5, 'Q': 0.0, 'R': 4.0, 'S': 0.0, 'T': 2.0, 'V': 4.0, 'W': 2.0, 'Y': 2.0}	{'A': 4, 'C': 0, 'D': 0, 'E': 3, 'F': 2, 'G': 1, 'H': 2, 'I': 1, 'K': 1, 'L': 1, 'M': 1, 'N': 0, 'P': 0, 'Q': 0, 'R': 4, 'S': 0, 'T': 2, 'V': 4, 'W': 2, 'Y': 2}	{'A': 4, 'C': 0, 'D': 0, 'E': 2, 'F': 1, 'G': 1, 'H': 3, 'I': 2, 'K': 1, 'L': 1, 'M': 1, 'N': 0, 'P': 1, 'Q': 0, 'R': 4, 'S': 0, 'T': 2, 'V': 4, 'W': 2, 'Y': 2}				1.64	1.41	1.87				0.39	0.39	0.39				0.91	0.91	0.91				0.81	0.81	0.81				0.15	0.15	0.14				1.49	1.6	1.38				0 hours, 1 minutes, 30 seconds		EGFR_2	default_filters_1	4stage_multimer_1	-215.36121332645416	-221.99094465374947	-221.45170176029205
1.0	EGFR_l80_s42487_mpnn2	4stage	80	42487	-0.3		SVLSLPPHELMIEVWNLAWRVAAKAYVKVEEGKKVKGGLTAEEVLERALELSVEAFNVYEVDPEKLKELYEEVLKLEELV	B7,B8,B11,B12,B15,B16,B19,B20,B22,B23,B26,B27,B29,B30,B45,B46,B49,B50,B52,B53,B56,B57,B59,B60	0.74	0.56	0.94	0.94	0.95				0.92	0.91	0.92				0.88	0.88	0.88				0.12	0.12	0.12				0.13	0.13	0.13				0.95	0.95	0.95				0.95	0.95	0.96				2.5	1	4				0.0	0	0				-232.51	-231.99	-233.04				0.22	0.22	0.22				0.7	0.7	0.71				0.62	0.63	0.62				-59.83	-59.68	-59.97				2289.61	2293.54	2285.67				-2.61	-2.6	-2.62				57.6	57.79	57.41				62.02	61.54	62.5				25.0	26	24				7.0	6	8				28.2	23.08	33.33				4.0	4.0	4.0				16.03	15.38	16.67				88.85	89.47	88.24				0.0	0.0	0.0				11.14	10.53	11.76				78.75	78.75	78.75				0.0	0.0	0.0				21.25	21.25	21.25				{'A': 2.0, 'C': 0.0, 'D': 0.0, 'E': 4.5, 'F': 1.0, 'G': 0.0, 'H': 1.0, 'I': 1.0, 'K': 0.0, 'L': 2.0, 'M': 1.0, 'N': 2.0, 'P': 1.5, 'Q': 0.0, 'R': 1.0, 'S': 1.0, 'T': 0.0, 'V': 3.0, 'W': 2.0, 'Y': 2.0}	{'A': 2, 'C': 0, 'D': 0, 'E': 5, 'F': 1, 'G': 0, 'H': 1, 'I': 1, 'K': 0, 'L': 2, 'M': 1, 'N': 2, 'P': 2, 'Q': 0, 'R': 1, 'S': 1, 'T': 0, 'V': 3, 'W': 2, 'Y': 2}	{'A': 2, 'C': 0, 'D': 0, 'E': 4, 'F': 1, 'G': 0, 'H': 1, 'I': 1, 'K': 0, 'L': 2, 'M': 1, 'N': 2, 'P': 1, 'Q': 0, 'R': 1, 'S': 1, 'T': 0, 'V': 3, 'W': 2, 'Y': 2}				0.81	0.87	0.76				0.4	0.41	0.4				0.95	0.95	0.96				0.83	0.83	0.84				0.09	0.09	0.09				0.93	0.9	0.95				0 hours, 1 minutes, 47 seconds		EGFR_2	default_filters_1	4stage_multimer_1	-190.96327430009842	-190.34649214148521	-191.66741597652435
2.0	EGFR_l80_s42487_mpnn1	4stage	80	42487	-0.3		DVLSLPPHELMIEVWNLAWRVAAKAYVKVEKGEKVKGGLTAEEVLEEALELSVESFNVYEVDPEKLKELYERVLELEKRV	B6,B7,B8,B11,B12,B15,B16,B19,B20,B23,B26,B27,B29,B30,B42,B45,B46,B49,B50,B52,B53,B56,B57,B59,B60,B61	0.74	0.55	0.94	0.94	0.94				0.91	0.91	0.91				0.87	0.88	0.86				0.12	0.12	0.13				0.14	0.13	0.14				0.94	0.95	0.94				0.95	0.95	0.95				4.0	2	6				0.0	0	0				-227.28	-226.6	-227.96				0.22	0.22	0.22				0.65	0.64	0.66				0.66	0.64	0.68				-60.01	-62.49	-57.52				2319.62	2325.26	2313.98				-2.59	-2.69	-2.49				58.2	59.25	57.15				60.77	60.0	61.54				25.5	25	26				7.0	8	6				27.54	32.0	23.08				2.5	2.0	3.0				9.77	8.0	11.54				89.44	90.0	88.89				0.0	0.0	0.0				10.55	10.0	11.11				78.12	78.75	77.5				0.0	0.0	0.0				21.88	21.25	22.5				{'A': 1.0, 'C': 0.0, 'D': 0.0, 'E': 5.0, 'F': 1.0, 'G': 0.0, 'H': 1.0, 'I': 1.0, 'K': 0.0, 'L': 2.0, 'M': 1.0, 'N': 2.0, 'P': 1.5, 'Q': 0.0, 'R': 1.0, 'S': 1.0, 'T': 0.0, 'V': 4.0, 'W': 2.0, 'Y': 2.0}	{'A': 1, 'C': 0, 'D': 0, 'E': 5, 'F': 1, 'G': 0, 'H': 1, 'I': 1, 'K': 0, 'L': 2, 'M': 1, 'N': 2, 'P': 1, 'Q': 0, 'R': 1, 'S': 1, 'T': 0, 'V': 4, 'W': 2, 'Y': 2}	{'A': 1, 'C': 0, 'D': 0, 'E': 5, 'F': 1, 'G': 0, 'H': 1, 'I': 1, 'K': 0, 'L': 2, 'M': 1, 'N': 2, 'P': 2, 'Q': 0, 'R': 1, 'S': 1, 'T': 0, 'V': 4, 'W': 2, 'Y': 2}				0.79	0.8	0.78				0.4	0.41	0.4				0.94	0.94	0.95				0.83	0.82	0.84				0.09	0.09	0.09				0.85	0.81	0.89				0 hours, 2 minutes, 15 seconds		EGFR_2	default_filters_1	4stage_multimer_1	-191.2934523820877	-186.06513249874115	-185.88373786211014
3.0	EGFR_l63_s393340_mpnn4	4stage	63	393340	-0.3		MSIREIMQFFIFDLYMSDSAEEVEKVKEKYIKLLEEKYPGDPEVEKYIARIEELAADRLKEFP	B4,B7,B8,B9,B11,B12,B13,B15,B16,B18,B30,B43,B46,B47,B50,B54,B57,B58	0.88	0.41	0.92	0.91	0.93				0.87	0.86	0.88				0.76	0.73	0.79				0.17	0.19	0.16				0.21	0.24	0.19				0.9	0.89	0.91				0.93	0.92	0.94				0.0	0	0				0.0	0	0				-170.56	-172.28	-168.84				0.28	0.28	0.27				0.67	0.63	0.71				0.62	0.63	0.62				-42.56	-45.73	-39.4				1752.8	1745.69	1759.9				-2.43	-2.62	-2.24				48.51	48.13	48.88				50.0	50.0	50.0				17.0	16	18				6.0	8	4				36.11	50.0	22.22				2.5	1.0	4.0				14.23	6.25	22.22				100.0	100.0	100.0				0.0	0.0	0.0				0.0	0.0	0.0				79.37	79.37	79.37				0.0	0.0	0.0				20.63	20.63	20.63				{'A': 0.0, 'C': 0.0, 'D': 3.0, 'E': 0.5, 'F': 2.0, 'G': 0.0, 'H': 0.0, 'I': 1.0, 'K': 1.0, 'L': 1.0, 'M': 2.0, 'N': 0.0, 'P': 0.0, 'Q': 1.0, 'R': 3.0, 'S': 0.0, 'T': 0.0, 'V': 0.0, 'W': 0.0, 'Y': 2.5}	{'A': 0, 'C': 0, 'D': 3, 'E': 0, 'F': 2, 'G': 0, 'H': 0, 'I': 1, 'K': 1, 'L': 1, 'M': 2, 'N': 0, 'P': 0, 'Q': 1, 'R': 3, 'S': 0, 'T': 0, 'V': 0, 'W': 0, 'Y': 2}	{'A': 0, 'C': 0, 'D': 3, 'E': 1, 'F': 2, 'G': 0, 'H': 0, 'I': 1, 'K': 1, 'L': 1, 'M': 2, 'N': 0, 'P': 0, 'Q': 1, 'R': 3, 'S': 0, 'T': 0, 'V': 0, 'W': 0, 'Y': 3}				1.89	1.84	1.94				0.32	0.35	0.3				0.95	0.95	0.95				0.8	0.79	0.81				0.08	0.08	0.08				1.15	1.24	1.05				0 hours, 1 minutes, 15 seconds		EGFR_2	default_filters_1	4stage_multimer_1	-134.51998375169933	-144.8592216707766	-146.94547556713223
4.0	EGFR_l94_s531081_mpnn4	4stage	94	531081	-0.3		MKSVIQRAVDLYLEMRKQGTNYDPALWVEFQREAAKIDMSDPAVVAEVRAYFLPAFREAFPELSEEELDFWGEYWFGDFLMIAQFAYEKHPEYK	B16,B20,B21,B22,B23,B24,B27,B28,B31,B63,B67,B70,B71,B74,B75,B77,B78,B81,B82,B85,B89,B90	0.82	0.46	0.91	0.91	0.91				0.83	0.83	0.83				0.69	0.69	0.7				0.21	0.22	0.2				0.28	0.29	0.27				0.85	0.85	0.85				0.91	0.91	0.91				26.5	25	28				0.0	0	0				-273.42	-281.42	-265.41				0.26	0.25	0.27				0.62	0.68	0.56				0.67	0.67	0.67				-48.34	-59.97	-36.71				1967.15	2080.53	1853.77				-2.43	-2.88	-1.98				41.14	43.84	38.44				54.36	54.17	54.55				23.0	24	22				9.5	12	7				40.91	50.0	31.82				2.0	2.0	2.0				8.71	8.33	9.09				88.56	88.89	88.24				0.0	0.0	0.0				11.43	11.11	11.76				80.85	79.79	81.91				0.0	0.0	0.0				19.15	20.21	18.09				{'A': 0.0, 'C': 0.0, 'D': 2.0, 'E': 1.0, 'F': 2.0, 'G': 1.0, 'H': 1.0, 'I': 1.0, 'K': 1.0, 'L': 1.0, 'M': 1.0, 'N': 1.0, 'P': 1.0, 'Q': 1.0, 'R': 1.5, 'S': 0.0, 'T': 1.0, 'V': 1.0, 'W': 3.0, 'Y': 2.5}	{'A': 0, 'C': 0, 'D': 2, 'E': 1, 'F': 2, 'G': 1, 'H': 1, 'I': 1, 'K': 1, 'L': 1, 'M': 1, 'N': 1, 'P': 1, 'Q': 1, 'R': 2, 'S': 0, 'T': 1, 'V': 1, 'W': 3, 'Y': 3}	{'A': 0, 'C': 0, 'D': 2, 'E': 1, 'F': 2, 'G': 1, 'H': 1, 'I': 1, 'K': 1, 'L': 1, 'M': 1, 'N': 1, 'P': 1, 'Q': 1, 'R': 1, 'S': 0, 'T': 1, 'V': 1, 'W': 3, 'Y': 2}				1.44	1.16	1.72				0.34	0.35	0.33				0.96	0.96	0.96				0.87	0.87	0.87				0.08	0.08	0.08				0.94	0.91	0.96				0 hours, 1 minutes, 36 seconds		EGFR_2	default_filters_1	4stage_multimer_1	-212.9097167076543	-215.77781809214503	-220.2583997482434
5.0	EGFR_l94_s531081_mpnn8	4stage	94	531081	-0.3		SLSVIEQAVDLYLQMRKQGTNYDPALWVEFQRYAAQIDMKDPEVVAKVREYFLPKFYETFPELSDEEKEFWGEYWFGDFLMIAQFAYEKHPEYK	B16,B19,B20,B21,B22,B23,B24,B27,B28,B31,B32,B63,B67,B70,B71,B74,B75,B77,B78,B81,B82,B85,B89,B90,B93	0.84	0.43	0.91	0.9	0.91				0.81	0.81	0.82				0.66	0.65	0.67				0.23	0.25	0.22				0.32	0.34	0.3				0.85	0.85	0.85				0.92	0.91	0.92				19.5	13	26				0.0	0	0				-263.44	-270.36	-256.53				0.25	0.25	0.25				0.7	0.72	0.69				0.62	0.67	0.58				-60.81	-63.43	-58.19				2177.15	2249.95	2104.36				-2.79	-2.82	-2.77				44.98	46.98	42.99				52.92	53.85	52.0				25.5	26	25				11.0	12	10				43.08	46.15	40.0				2.5	3.0	2.0				9.77	11.54	8.0				89.18	89.47	88.89				0.0	0.0	0.0				10.82	10.53	11.11				81.91	81.91	81.91				0.0	0.0	0.0				18.09	18.09	18.09				{'A': 0.5, 'C': 0.0, 'D': 2.0, 'E': 1.0, 'F': 2.0, 'G': 2.0, 'H': 1.0, 'I': 1.0, 'K': 1.0, 'L': 1.0, 'M': 1.0, 'N': 1.0, 'P': 1.0, 'Q': 1.0, 'R': 2.0, 'S': 0.0, 'T': 1.0, 'V': 1.0, 'W': 3.0, 'Y': 3.0}	{'A': 1, 'C': 0, 'D': 2, 'E': 1, 'F': 2, 'G': 2, 'H': 1, 'I': 1, 'K': 1, 'L': 1, 'M': 1, 'N': 1, 'P': 1, 'Q': 1, 'R': 2, 'S': 0, 'T': 1, 'V': 1, 'W': 3, 'Y': 3}	{'A': 0, 'C': 0, 'D': 2, 'E': 1, 'F': 2, 'G': 2, 'H': 1, 'I': 1, 'K': 1, 'L': 1, 'M': 1, 'N': 1, 'P': 1, 'Q': 1, 'R': 2, 'S': 0, 'T': 1, 'V': 1, 'W': 3, 'Y': 3}				1.6	1.57	1.64				0.34	0.35	0.33				0.95	0.95	0.96				0.87	0.86	0.88				0.08	0.09	0.08				1.15	0.92	1.37				0 hours, 1 minutes, 39 seconds		EGFR_2	default_filters_1	4stage_multimer_1	-229.71054899692535	-235.40628057718277	-238.52438485622406
	EGFR_l93_s323771_mpnn3	4stage	93	323771	-0.3		AVDYEPLVEEYKKEYREQVSGERWWAEMDARHKEHNGEPLDPRYLRLWQYDQAEVAIKVFESFAENPEVPEEAREKFKEAVEEFRKIKEELLK	B11,B14,B15,B18,B21,B23,B24,B28,B31,B32,B35,B36,B40,B43,B44,B46,B47,B48,B50,B51,B52,B54,B55,B58,B59,B61,B62,B63,B65,B66,B67,B68	0.92	0.46	0.86	0.86	0.87				0.85	0.87	0.84				0.77	0.79	0.74				0.21	0.19	0.23				0.26	0.23	0.29				0.85	0.86	0.85				0.88	0.88	0.88				4.5	3	6				0.0	0	0				-252.11	-251.81	-252.41				0.23	0.23	0.23				0.61	0.6	0.62				0.62	0.63	0.61				-56.78	-56.03	-57.54				2779.88	2789.31	2770.45				-2.04	-2.01	-2.08				50.86	51.75	49.97				40.9	41.18	40.62				33.0	34	32				11.0	12	10				33.27	35.29	31.25				4.0	4.0	4.0				12.13	11.76	12.5				91.95	94.44	89.47				0.0	0.0	0.0				8.04	5.56	10.53				83.34	82.8	83.87				0.0	0.0	0.0				16.66	17.2	16.13				{'A': 0.0, 'C': 0.0, 'D': 1.5, 'E': 5.5, 'F': 1.5, 'G': 1.0, 'H': 2.0, 'I': 0.0, 'K': 1.0, 'L': 2.0, 'M': 1.0, 'N': 2.0, 'P': 1.0, 'Q': 2.0, 'R': 3.5, 'S': 1.0, 'T': 0.0, 'V': 2.0, 'W': 2.0, 'Y': 4.0}	{'A': 0, 'C': 0, 'D': 2, 'E': 6, 'F': 2, 'G': 1, 'H': 2, 'I': 0, 'K': 1, 'L': 2, 'M': 1, 'N': 2, 'P': 1, 'Q': 2, 'R': 3, 'S': 1, 'T': 0, 'V': 2, 'W': 2, 'Y': 4}	{'A': 0, 'C': 0, 'D': 1, 'E': 5, 'F': 1, 'G': 1, 'H': 2, 'I': 0, 'K': 1, 'L': 2, 'M': 1, 'N': 2, 'P': 1, 'Q': 2, 'R': 4, 'S': 1, 'T': 0, 'V': 2, 'W': 2, 'Y': 4}				1.68	1.42	1.94				0.36	0.38	0.35				0.92	0.9	0.94				0.79	0.76	0.82				0.13	0.15	0.11				1.65	1.65	1.65				0 hours, 1 minutes, 45 seconds		EGFR_2	default_filters_1	4stage_multimer_1	-216.29663698375225	-223.0396210104227	-229.60421466827393
	EGFR_l70_s239834_mpnn4	4stage	70	239834	-0.3		SVNMRHREVLERARREGELDVEAVTARVLGVWEAYMRERLGPDHPEIPRYVADQEPWHRAVVQYWVEEWK	B3,B4,B6,B7,B10,B32,B35,B36,B39,B40,B44,B46,B49,B50,B53,B54,B56,B57,B58,B60,B61,B63,B64,B65,B67,B68	0.86	0.46	0.92	0.92	0.91				0.89	0.89	0.88				0.8	0.83	0.78				0.16	0.14	0.17				0.18	0.16	0.2				0.9	0.9	0.89				0.92	0.92	0.91				9.0	6	12				0.0	0	0				-165.69	-167.28	-164.11				0.28	0.27	0.28				0.61	0.65	0.58				0.66	0.61	0.7				-49.92	-53.02	-46.81				2140.72	2168.66	2112.78				-2.33	-2.44	-2.22				53.93	54.09	53.77				48.91	47.83	50.0				24.5	23	26				8.5	10	7				35.2	43.48	26.92				2.0	1.0	3.0				7.94	4.35	11.54				94.12	100.0	88.24				0.0	0.0	0.0				5.88	0.0	11.76				81.43	81.43	81.43				0.0	0.0	0.0				18.57	18.57	18.57				{'A': 1.0, 'C': 0.0, 'D': 1.0, 'E': 3.0, 'F': 0.0, 'G': 0.0, 'H': 3.0, 'I': 0.0, 'K': 0.0, 'L': 2.0, 'M': 1.5, 'N': 1.0, 'P': 1.0, 'Q': 2.0, 'R': 2.5, 'S': 0.0, 'T': 0.0, 'V': 1.0, 'W': 3.0, 'Y': 2.5}	{'A': 1, 'C': 0, 'D': 1, 'E': 3, 'F': 0, 'G': 0, 'H': 3, 'I': 0, 'K': 0, 'L': 2, 'M': 1, 'N': 1, 'P': 1, 'Q': 2, 'R': 2, 'S': 0, 'T': 0, 'V': 1, 'W': 3, 'Y': 2}	{'A': 1, 'C': 0, 'D': 1, 'E': 3, 'F': 0, 'G': 0, 'H': 3, 'I': 0, 'K': 0, 'L': 2, 'M': 2, 'N': 1, 'P': 1, 'Q': 2, 'R': 3, 'S': 0, 'T': 0, 'V': 1, 'W': 3, 'Y': 3}				1.24	1.35	1.13				0.4	0.41	0.4				0.96	0.96	0.97				0.82	0.81	0.84				0.08	0.08	0.07				1.06	1.05	1.07				0 hours, 1 minutes, 22 seconds		EGFR_2	default_filters_1	4stage_multimer_1	-176.14906179904938	-180.17489624023438	-178.4500035047531
	EGFR_l70_s239834_mpnn7	4stage	70	239834	-0.3		SVNMKHREVLEEAKEKGELDVEVVTERLLEVWRAYMRERLGEDHPEIDRYVEDQRPWHEAVAQYWIEEWK	B2,B3,B6,B7,B32,B35,B36,B39,B40,B44,B46,B49,B50,B53,B54,B56,B57,B58,B60,B61,B63,B64,B65,B67,B68	0.87	0.41	0.92	0.92	0.91				0.9	0.9	0.89				0.84	0.85	0.83				0.14	0.13	0.15				0.16	0.15	0.18				0.91	0.91	0.9				0.92	0.92	0.92				2.0	1	3				0.0	0	0				-182.04	-184.1	-179.98				0.22	0.2	0.23				0.61	0.61	0.62				0.64	0.63	0.64				-51.27	-50.18	-52.35				2102.28	2121.88	2082.67				-2.44	-2.37	-2.51				51.42	52.81	50.03				48.0	48.0	48.0				25.0	25	25				7.5	7	8				30.0	28.0	32.0				3.5	4.0	3.0				14.0	16.0	12.0				90.78	93.33	88.24				0.0	0.0	0.0				9.21	6.67	11.76				80.72	81.43	80.0				0.0	0.0	0.0				19.29	18.57	20.0				{'A': 1.0, 'C': 0.0, 'D': 1.0, 'E': 3.0, 'F': 0.0, 'G': 0.0, 'H': 3.0, 'I': 0.0, 'K': 0.0, 'L': 1.5, 'M': 1.0, 'N': 1.0, 'P': 1.0, 'Q': 2.0, 'R': 3.0, 'S': 0.0, 'T': 0.0, 'V': 1.5, 'W': 3.0, 'Y': 3.0}	{'A': 1, 'C': 0, 'D': 1, 'E': 3, 'F': 0, 'G': 0, 'H': 3, 'I': 0, 'K': 0, 'L': 2, 'M': 1, 'N': 1, 'P': 1, 'Q': 2, 'R': 3, 'S': 0, 'T': 0, 'V': 1, 'W': 3, 'Y': 3}	{'A': 1, 'C': 0, 'D': 1, 'E': 3, 'F': 0, 'G': 0, 'H': 3, 'I': 0, 'K': 0, 'L': 1, 'M': 1, 'N': 1, 'P': 1, 'Q': 2, 'R': 3, 'S': 0, 'T': 0, 'V': 2, 'W': 3, 'Y': 3}				1.45	1.48	1.42				0.41	0.42	0.4				0.96	0.95	0.97				0.82	0.81	0.84				0.08	0.09	0.07				1.24	1.24	1.24				0 hours, 1 minutes, 21 seconds		EGFR_2	default_filters_1	4stage_multimer_1	-180.56083261966705	-179.03882002830505	-182.0053015947342
	EGFR_l99_s857699_mpnn1	4stage	99	857699	-0.3		MLSAYEKVKKYVEEIMKLIENPERLPSPHEAVELTWKVFEAAQKASKEEFPEVIKLLEELIKKVEEVLKTKKPNDEERFALMDIIDWAEYTIKMMKKLL	B27,B28,B29,B32,B36,B39,B40,B43,B44,B50,B68,B75,B76,B78,B79,B82,B83,B86,B87,B90,B94,B95,B97,B98	0.83	0.46	0.92	0.92	0.92				0.83	0.86	0.8				0.72	0.78	0.66				0.21	0.17	0.25				0.28	0.21	0.35				0.88	0.88	0.87				0.93	0.93	0.93				11.0	6	16				0.0	0	0				-273.26	-285.62	-260.91				0.18	0.19	0.18				0.69	0.73	0.65				0.57	0.54	0.6				-59.58	-64.73	-54.42				2156.32	2151.94	2160.69				-2.76	-3.01	-2.52				40.88	40.66	41.1				56.63	59.09	54.17				23.0	22	24				6.5	7	6				28.41	31.82	25.0				2.0	3.0	1.0				8.91	13.64	4.17				100.0	100.0	100.0				0.0	0.0	0.0				0.0	0.0	0.0				81.82	81.82	81.82				0.0	0.0	0.0				18.18	18.18	18.18				{'A': 0.5, 'C': 0.0, 'D': 3.0, 'E': 1.5, 'F': 3.0, 'G': 0.0, 'H': 1.0, 'I': 0.0, 'K': 1.5, 'L': 1.5, 'M': 3.0, 'N': 0.0, 'P': 1.0, 'Q': 1.0, 'R': 0.5, 'S': 1.0, 'T': 0.5, 'V': 1.0, 'W': 2.0, 'Y': 1.0}	{'A': 1, 'C': 0, 'D': 3, 'E': 1, 'F': 3, 'G': 0, 'H': 1, 'I': 0, 'K': 1, 'L': 1, 'M': 3, 'N': 0, 'P': 1, 'Q': 1, 'R': 0, 'S': 1, 'T': 1, 'V': 1, 'W': 2, 'Y': 1}	{'A': 0, 'C': 0, 'D': 3, 'E': 2, 'F': 3, 'G': 0, 'H': 1, 'I': 0, 'K': 2, 'L': 2, 'M': 3, 'N': 0, 'P': 1, 'Q': 1, 'R': 1, 'S': 1, 'T': 0, 'V': 1, 'W': 2, 'Y': 1}				1.91	1.75	2.07				0.38	0.39	0.38				0.94	0.94	0.95				0.85	0.84	0.86				0.1	0.1	0.09				0.87	0.94	0.8				0 hours, 1 minutes, 49 seconds		EGFR_2	default_filters_1	4stage_multimer_1	-210.7769567798823	-210.50241930875927	-219.16648622229695
	EGFR_l99_s857699_mpnn2	4stage	99	857699	-0.3		SMSAAEKVKKYVEEIMKLINNPERLPSPHEAVELTWRIFEAAQKASKEEFPEVIKLLRELIEKVKEVLETKKPDDEERFALMDIIDWAEYTIKMMEKLM	B27,B28,B29,B32,B36,B39,B43,B44,B50,B68,B74,B75,B76,B78,B79,B82,B83,B85,B86,B87,B90,B94,B95,B97,B98	0.87	0.51	0.93	0.93	0.93				0.86	0.88	0.85				0.78	0.81	0.75				0.17	0.15	0.19				0.21	0.18	0.25				0.89	0.9	0.88				0.94	0.94	0.94				8.0	6	10				0.0	0	0				-279.56	-285.7	-273.42				0.17	0.17	0.17				0.69	0.72	0.66				0.64	0.61	0.67				-55.76	-61.2	-50.32				2241.05	2184.6	2297.49				-2.5	-2.8	-2.19				44.16	43.28	45.04				56.26	56.52	56.0				24.0	23	25				6.5	6	7				27.05	26.09	28.0				4.0	4.0	4.0				16.7	17.39	16.0				100.0	100.0	100.0				0.0	0.0	0.0				0.0	0.0	0.0				80.81	80.81	80.81				0.0	0.0	0.0				19.19	19.19	19.19				{'A': 0.5, 'C': 0.0, 'D': 3.5, 'E': 1.0, 'F': 3.0, 'G': 0.0, 'H': 1.0, 'I': 0.5, 'K': 1.5, 'L': 1.5, 'M': 3.0, 'N': 0.0, 'P': 1.0, 'Q': 1.0, 'R': 1.0, 'S': 1.0, 'T': 0.5, 'V': 1.0, 'W': 2.0, 'Y': 1.0}	{'A': 1, 'C': 0, 'D': 3, 'E': 1, 'F': 3, 'G': 0, 'H': 1, 'I': 0, 'K': 1, 'L': 1, 'M': 3, 'N': 0, 'P': 1, 'Q': 1, 'R': 1, 'S': 1, 'T': 1, 'V': 1, 'W': 2, 'Y': 1}	{'A': 0, 'C': 0, 'D': 4, 'E': 1, 'F': 3, 'G': 0, 'H': 1, 'I': 1, 'K': 2, 'L': 2, 'M': 3, 'N': 0, 'P': 1, 'Q': 1, 'R': 1, 'S': 1, 'T': 0, 'V': 1, 'W': 2, 'Y': 1}				1.77	1.47	2.08				0.39	0.39	0.39				0.96	0.96	0.97				0.87	0.86	0.88				0.08	0.09	0.08				0.84	0.92	0.77				0 hours, 1 minutes, 44 seconds		EGFR_2	default_filters_1	4stage_multimer_1	-214.93852078914642	-221.87953516840935	-232.35962295532227
	EGFR_l96_s38977_mpnn4	4stage	96	38977	-0.3		MSPEEKAKELVAELPEVLKKKFEEYKKDKSTDPNDFVFKVVEEAADLIEEKRWEVAELFKGTPDEKRKVSEFTKAAWDIVFQFEVEFWEWYEKNEN	B34,B35,B37,B38,B41,B42,B45,B46,B49,B52,B53,B56,B65,B66,B67,B69,B70,B73,B74,B77,B78,B80,B81,B82,B84,B85,B88,B89,B91,B92,B96	0.88	0.4	0.9	0.9	0.9				0.87	0.87	0.87				0.79	0.79	0.78				0.17	0.17	0.17				0.21	0.2	0.21				0.89	0.89	0.89				0.91	0.91	0.9				0.5	1	0				0.0	0	0				-246.97	-248.59	-245.35				0.2	0.21	0.19				0.62	0.63	0.61				0.61	0.65	0.57				-53.03	-52.16	-53.91				2391.51	2394.39	2388.63				-2.22	-2.18	-2.26				42.55	42.69	42.42				42.63	43.33	41.94				30.5	30	31				7.0	7	7				22.95	23.33	22.58				3.0	3.0	3.0				9.84	10.0	9.68				100.0	100.0	100.0				0.0	0.0	0.0				0.0	0.0	0.0				84.38	84.38	84.38				0.0	0.0	0.0				15.62	15.62	15.62				{'A': 2.0, 'C': 0.0, 'D': 3.0, 'E': 5.5, 'F': 2.0, 'G': 0.0, 'H': 0.0, 'I': 0.0, 'K': 2.0, 'L': 0.0, 'M': 0.0, 'N': 2.0, 'P': 0.0, 'Q': 1.0, 'R': 2.0, 'S': 1.0, 'T': 1.0, 'V': 5.0, 'W': 3.0, 'Y': 1.0}	{'A': 2, 'C': 0, 'D': 3, 'E': 5, 'F': 2, 'G': 0, 'H': 0, 'I': 0, 'K': 2, 'L': 0, 'M': 0, 'N': 2, 'P': 0, 'Q': 1, 'R': 2, 'S': 1, 'T': 1, 'V': 5, 'W': 3, 'Y': 1}	{'A': 2, 'C': 0, 'D': 3, 'E': 6, 'F': 2, 'G': 0, 'H': 0, 'I': 0, 'K': 2, 'L': 0, 'M': 0, 'N': 2, 'P': 0, 'Q': 1, 'R': 2, 'S': 1, 'T': 1, 'V': 5, 'W': 3, 'Y': 1}				0.96	0.93	0.99				0.42	0.43	0.41				0.93	0.92	0.93				0.79	0.76	0.81				0.12	0.13	0.11				1.19	1.21	1.16				0 hours, 1 minutes, 41 seconds		EGFR_2	default_filters_1	4stage_multimer_1	-225.35014883987606	-232.94794603344053	-239.39713412197307
	EGFR_l96_s38977_mpnn12	4stage	96	38977	-0.3		MSPKEKAEELVNELPGVLEKKFEEYKKDTSEDPNEFVFRVVEEAADLIEEKRWEVAELFKGKEDEKRKVSEFTKKAWDIVFQFEVDFWEYYEKNYN	B34,B37,B38,B41,B42,B45,B46,B49,B52,B53,B56,B65,B66,B67,B69,B70,B73,B74,B77,B78,B80,B81,B82,B84,B85,B88,B89,B91,B92,B96	0.92	0.37	0.89	0.89	0.88				0.87	0.87	0.87				0.79	0.79	0.78				0.18	0.18	0.18				0.21	0.21	0.22				0.89	0.89	0.88				0.9	0.9	0.89				2.0	2	2				0.0	0	0				-249.31	-249.09	-249.52				0.18	0.19	0.18				0.61	0.59	0.64				0.62	0.64	0.61				-58.55	-54.72	-62.37				2393.73	2385.63	2401.83				-2.45	-2.29	-2.6				42.18	42.24	42.12				44.24	45.16	43.33				30.5	31	30				9.5	8	11				31.24	25.81	36.67				4.0	4.0	4.0				13.12	12.9	13.33				100.0	100.0	100.0				0.0	0.0	0.0				0.0	0.0	0.0				85.42	85.42	85.42				0.0	0.0	0.0				14.58	14.58	14.58				{'A': 2.0, 'C': 0.0, 'D': 2.0, 'E': 6.0, 'F': 2.0, 'G': 0.0, 'H': 0.0, 'I': 0.5, 'K': 2.0, 'L': 0.0, 'M': 0.0, 'N': 2.0, 'P': 0.0, 'Q': 1.0, 'R': 2.0, 'S': 1.0, 'T': 1.0, 'V': 5.0, 'W': 3.0, 'Y': 1.0}	{'A': 2, 'C': 0, 'D': 2, 'E': 6, 'F': 2, 'G': 0, 'H': 0, 'I': 1, 'K': 2, 'L': 0, 'M': 0, 'N': 2, 'P': 0, 'Q': 1, 'R': 2, 'S': 1, 'T': 1, 'V': 5, 'W': 3, 'Y': 1}	{'A': 2, 'C': 0, 'D': 2, 'E': 6, 'F': 2, 'G': 0, 'H': 0, 'I': 0, 'K': 2, 'L': 0, 'M': 0, 'N': 2, 'P': 0, 'Q': 1, 'R': 2, 'S': 1, 'T': 1, 'V': 5, 'W': 3, 'Y': 1}				0.96	0.92	1.0				0.42	0.43	0.4				0.9	0.91	0.89				0.78	0.77	0.79				0.13	0.13	0.13				1.33	1.22	1.44				0 hours, 1 minutes, 40 seconds		EGFR_2	default_filters_1	4stage_multimer_1	-225.42772413231432	-233.35178860183805	-234.60433342121542
	EGFR_l73_s446376_mpnn1	4stage	73	446376	-0.3		MPDVETRWREWFTRAWDHAIANDMPHEAQRRFLTLYVDGHMRMIQSEDREKAFEESIAEMQQVFVDAGVAPPA	B3,B4,B5,B9,B12,B13,B16,B17,B19,B20,B23,B24,B25,B26,B29,B30,B33,B34,B36,B37,B38,B40,B41,B44,B45,B49	0.9	0.55	0.89	0.89	0.88				0.84	0.86	0.83				0.68	0.75	0.6				0.21	0.19	0.24				0.27	0.23	0.31				0.86	0.87	0.86				0.9	0.91	0.89				6.0	7	5				0.0	0	0				-184.44	-185.23	-183.65				0.23	0.24	0.23				0.61	0.64	0.58				0.65	0.66	0.63				-40.24	-38.94	-41.55				2319.02	2360.21	2277.83				-1.73	-1.65	-1.82				60.06	62.13	58.0				41.83	37.5	46.15				25.0	24	26				7.0	7	7				28.05	29.17	26.92				3.0	2.0	4.0				11.86	8.33	15.38				90.97	87.5	94.44				0.0	0.0	0.0				9.03	12.5	5.56				76.71	76.71	76.71				0.0	0.0	0.0				23.29	23.29	23.29				{'A': 0.5, 'C': 0.0, 'D': 4.0, 'E': 1.0, 'F': 1.0, 'G': 0.0, 'H': 2.0, 'I': 2.0, 'K': 0.0, 'L': 1.0, 'M': 2.0, 'N': 0.0, 'P': 0.5, 'Q': 2.0, 'R': 3.0, 'S': 0.0, 'T': 2.5, 'V': 1.5, 'W': 1.0, 'Y': 1.0}	{'A': 0, 'C': 0, 'D': 4, 'E': 1, 'F': 1, 'G': 0, 'H': 2, 'I': 2, 'K': 0, 'L': 1, 'M': 2, 'N': 0, 'P': 0, 'Q': 2, 'R': 3, 'S': 0, 'T': 3, 'V': 1, 'W': 1, 'Y': 1}	{'A': 1, 'C': 0, 'D': 4, 'E': 1, 'F': 1, 'G': 0, 'H': 2, 'I': 2, 'K': 0, 'L': 1, 'M': 2, 'N': 0, 'P': 1, 'Q': 2, 'R': 3, 'S': 0, 'T': 2, 'V': 2, 'W': 1, 'Y': 1}				1.62	1.34	1.9				0.48	0.53	0.42				0.95	0.95	0.96				0.81	0.8	0.83				0.08	0.09	0.08				0.88	0.94	0.81				0 hours, 1 minutes, 37 seconds		EGFR_2	default_filters_1	4stage_multimer_1	-179.32303195260465	-178.89363802224398	-180.23165329452604
	EGFR_l110_s591358_mpnn4	4stage	110	591358	-0.3		MTPYEKFLKAAEEAVEVMKNDPEKAYEAIKEVYEKFGDHPVLKEVVEEFYTVGMLLNDSMLWAMEHYGSMGYPREERLAHARGWFGPVIDNWFATLKEYAKKVAKENGLL	B44,B45,B48,B51,B52,B54,B55,B56,B58,B59,B62,B63,B66,B67,B70,B72,B76,B77,B80,B84,B85,B87,B88,B91,B92,B95,B96,B99,B102	0.82	0.52	0.94	0.94	0.95				0.9	0.9	0.9				0.85	0.85	0.86				0.12	0.12	0.12				0.15	0.15	0.14				0.94	0.93	0.94				0.95	0.95	0.95				8.5	10	7				0.5	1	0				-299.03	-298.21	-299.86				0.28	0.28	0.28				0.66	0.65	0.66				0.62	0.61	0.63				-60.77	-60.53	-61.01				2444.36	2522.46	2366.27				-2.49	-2.4	-2.58				44.66	46.59	42.72				57.64	56.67	58.62				29.5	30	29				4.0	4	4				13.56	13.33	13.79				4.0	4.0	4.0				13.56	13.33	13.79				92.0	92.0	92.0				0.0	0.0	0.0				8.0	8.0	8.0				83.64	83.64	83.64				0.0	0.0	0.0				16.36	16.36	16.36				{'A': 1.0, 'C': 0.0, 'D': 1.0, 'E': 3.5, 'F': 1.0, 'G': 0.0, 'H': 2.0, 'I': 0.0, 'K': 1.0, 'L': 3.0, 'M': 2.0, 'N': 1.0, 'P': 0.5, 'Q': 0.0, 'R': 1.0, 'S': 1.0, 'T': 2.0, 'V': 3.0, 'W': 3.0, 'Y': 3.5}	{'A': 1, 'C': 0, 'D': 1, 'E': 4, 'F': 1, 'G': 0, 'H': 2, 'I': 0, 'K': 1, 'L': 3, 'M': 2, 'N': 1, 'P': 0, 'Q': 0, 'R': 1, 'S': 1, 'T': 2, 'V': 3, 'W': 3, 'Y': 4}	{'A': 1, 'C': 0, 'D': 1, 'E': 3, 'F': 1, 'G': 0, 'H': 2, 'I': 0, 'K': 1, 'L': 3, 'M': 2, 'N': 1, 'P': 1, 'Q': 0, 'R': 1, 'S': 1, 'T': 2, 'V': 3, 'W': 3, 'Y': 3}				1.16	1.15	1.17				0.41	0.42	0.4				0.96	0.95	0.97				0.86	0.85	0.87				0.08	0.09	0.08				1.1	1.12	1.09				0 hours, 1 minutes, 50 seconds	Relaxed structure contains clashes.	EGFR_2	default_filters_1	4stage_multimer_1	-252.44031760655344	-245.8487216490321	-246.23273154627532
	EGFR_l73_s837885_mpnn2	4stage	73	837885	-0.3		SVLDEVLAWVDEMMERYKKGEYPEEVFGTTEKPVWGDIQTAVERKVMELARRPGEAREMWHAATDRAWKLFQE	B34,B35,B36,B37,B39,B40,B43,B47,B50,B51,B52,B53,B54,B56,B57,B60,B61,B64,B65,B68,B71,B72	0.72	0.54	0.93	0.94	0.92				0.9	0.9	0.9				0.84	0.86	0.83				0.12	0.11	0.14				0.15	0.13	0.17				0.91	0.92	0.9				0.94	0.94	0.93				5.5	4	7				0.0	0	0				-188.86	-196.03	-181.69				0.21	0.19	0.22				0.6	0.6	0.6				0.62	0.62	0.63				-41.64	-44.73	-38.56				2012.16	1986.97	2037.35				-2.07	-2.25	-1.89				51.07	50.95	51.19				40.02	39.13	40.91				22.5	23	22				3.5	4	3				15.52	17.39	13.64				4.0	4.0	4.0				17.79	17.39	18.18				81.97	85.0	78.95				0.0	0.0	0.0				18.02	15.0	21.05				76.71	76.71	76.71				0.0	0.0	0.0				23.29	23.29	23.29				{'A': 2.0, 'C': 0.0, 'D': 2.0, 'E': 1.0, 'F': 1.0, 'G': 2.0, 'H': 1.0, 'I': 0.0, 'K': 0.0, 'L': 0.0, 'M': 1.0, 'N': 0.0, 'P': 1.0, 'Q': 2.0, 'R': 3.5, 'S': 0.0, 'T': 2.0, 'V': 1.0, 'W': 3.0, 'Y': 0.0}	{'A': 2, 'C': 0, 'D': 2, 'E': 1, 'F': 1, 'G': 2, 'H': 1, 'I': 0, 'K': 0, 'L': 0, 'M': 1, 'N': 0, 'P': 1, 'Q': 2, 'R': 4, 'S': 0, 'T': 2, 'V': 1, 'W': 3, 'Y': 0}	{'A': 2, 'C': 0, 'D': 2, 'E': 1, 'F': 1, 'G': 2, 'H': 1, 'I': 0, 'K': 0, 'L': 0, 'M': 1, 'N': 0, 'P': 1, 'Q': 2, 'R': 3, 'S': 0, 'T': 2, 'V': 1, 'W': 3, 'Y': 0}				1.06	0.87	1.26				0.4	0.41	0.38				0.95	0.95	0.95				0.83	0.82	0.84				0.08	0.08	0.08				1.05	0.85	1.26				0 hours, 1 minutes, 27 seconds		EGFR_2	default_filters_1	4stage_multimer_1	-196.22084015607834	-194.31401389837265	-195.81181746721268
	EGFR_l78_s536356_mpnn3	4stage	78	536356	-0.3		APPSPEERIIDYFESHGVPRELVRPAIERVSEALRAELEAAYAAYQANPDDPYAQLMYEHAFWVAVPEVMEQFQALYG	B12,B13,B16,B18,B45,B52,B53,B55,B56,B57,B59,B60,B63,B64,B66,B67,B68,B70,B71,B74	0.9	0.52	0.91	0.91	0.91				0.88	0.88	0.88				0.8	0.8	0.79				0.17	0.16	0.17				0.2	0.19	0.2				0.91	0.9	0.91				0.92	0.92	0.92				2.5	3	2				0.0	0	0				-209.08	-206.47	-211.7				0.29	0.29	0.29				0.7	0.66	0.73				0.61	0.57	0.65				-49.79	-52.46	-47.12				1921.52	1894.88	1948.15				-2.59	-2.77	-2.42				49.91	48.57	51.26				65.0	65.0	65.0				20.0	20	20				4.0	4	4				20.0	20.0	20.0				3.5	3.0	4.0				17.5	15.0	20.0				90.78	88.24	93.33				0.0	0.0	0.0				9.21	11.76	6.67				78.21	78.21	78.21				0.0	0.0	0.0				21.79	21.79	21.79				{'A': 0.0, 'C': 0.0, 'D': 0.0, 'E': 3.0, 'F': 1.5, 'G': 0.0, 'H': 2.0, 'I': 0.0, 'K': 0.0, 'L': 1.0, 'M': 2.0, 'N': 0.0, 'P': 2.0, 'Q': 2.0, 'R': 0.0, 'S': 0.0, 'T': 0.0, 'V': 3.0, 'W': 1.0, 'Y': 2.5}	{'A': 0, 'C': 0, 'D': 0, 'E': 3, 'F': 2, 'G': 0, 'H': 2, 'I': 0, 'K': 0, 'L': 1, 'M': 2, 'N': 0, 'P': 2, 'Q': 2, 'R': 0, 'S': 0, 'T': 0, 'V': 3, 'W': 1, 'Y': 2}	{'A': 0, 'C': 0, 'D': 0, 'E': 3, 'F': 1, 'G': 0, 'H': 2, 'I': 0, 'K': 0, 'L': 1, 'M': 2, 'N': 0, 'P': 2, 'Q': 2, 'R': 0, 'S': 0, 'T': 0, 'V': 3, 'W': 1, 'Y': 3}				1.9	1.83	1.96				0.4	0.42	0.38				0.95	0.95	0.96				0.82	0.81	0.83				0.08	0.08	0.08				0.83	0.83	0.84				0 hours, 1 minutes, 58 seconds		EGFR_2	default_filters_1	4stage_multimer_1	-168.43025723099709	-169.4060451388359	-179.65551578998566
1.0	EGFR_l118_s969790_mpnn4	4stage	118	969790	-0.3		SWVEINAKMHEKIEEISKEVLEETGEKVPLSEMKKYMMQVFILMYDASETGNEYSMLTVVDWTRRLPGISVETRKKMLVKLGELLKELAPDDGSEHSKNLKKVADFFIKNPELVEEPM	B2,B6,B10,B34,B35,B38,B39,B42,B43,B45,B46,B49,B50,B54,B55,B57,B58,B61,B62,B65,B67,B118	0.82	0.57	0.9	0.9	0.89				0.84	0.86	0.83				0.74	0.78	0.7				0.19	0.17	0.21				0.24	0.21	0.28				0.83	0.85	0.82				0.91	0.91	0.91				9.0	11	7				0.0	0	0				-309.28	-319.16	-299.4				0.24	0.23	0.25				0.7	0.71	0.69				0.57	0.56	0.59				-49.78	-48.46	-51.09				2015.48	2065.78	1965.18				-2.48	-2.35	-2.6				36.22	36.58	35.85				43.18	40.91	45.45				22.0	22	22				7.5	7	8				34.09	31.82	36.36				3.5	4.0	3.0				15.91	18.18	13.64				84.96	84.21	85.71				0.0	0.0	0.0				15.04	15.79	14.29				78.81	78.81	78.81				0.0	0.0	0.0				21.19	21.19	21.19				{'A': 0.0, 'C': 0.0, 'D': 2.0, 'E': 1.0, 'F': 0.0, 'G': 0.0, 'H': 1.0, 'I': 1.0, 'K': 2.0, 'L': 2.0, 'M': 2.0, 'N': 1.5, 'P': 0.5, 'Q': 1.0, 'R': 1.0, 'S': 1.0, 'T': 2.0, 'V': 0.0, 'W': 2.0, 'Y': 2.0}	{'A': 0, 'C': 0, 'D': 2, 'E': 1, 'F': 0, 'G': 0, 'H': 1, 'I': 1, 'K': 2, 'L': 2, 'M': 2, 'N': 2, 'P': 0, 'Q': 1, 'R': 1, 'S': 1, 'T': 2, 'V': 0, 'W': 2, 'Y': 2}	{'A': 0, 'C': 0, 'D': 2, 'E': 1, 'F': 0, 'G': 0, 'H': 1, 'I': 1, 'K': 2, 'L': 2, 'M': 2, 'N': 1, 'P': 1, 'Q': 1, 'R': 1, 'S': 1, 'T': 2, 'V': 0, 'W': 2, 'Y': 2}				1.41	1.33	1.48				0.42	0.43	0.41				0.87	0.92	0.82				0.81	0.84	0.79				0.15	0.12	0.17				2.42	1.62	3.21				0 hours, 1 minutes, 44 seconds		EGFR_2	default_filters_1	4stage_multimer_1	-281.26834842562675	-298.8646491765976	-304.2499976158142
