Design,Protocol,Length,Seed,Helicity,Target_Hotspot,Sequence,InterfaceResidues,MPNN_score,MPNN_seq_recovery,Average_pLDDT,1_pLDDT,2_pLDDT,3_pLDDT,4_pLDDT,5_pLDDT,Average_pTM,1_pTM,2_pTM,3_pTM,4_pTM,5_pTM,Average_i_pTM,1_i_pTM,2_i_pTM,3_i_pTM,4_i_pTM,5_i_pTM,Average_pAE,1_pAE,2_pAE,3_pAE,4_pAE,5_pAE,Average_i_pAE,1_i_pAE,2_i_pAE,3_i_pAE,4_i_pAE,5_i_pAE,Average_i_pLDDT,1_i_pLDDT,2_i_pLDDT,3_i_pLDDT,4_i_pLDDT,5_i_pLDDT,Average_ss_pLDDT,1_ss_pLDDT,2_ss_pLDDT,3_ss_pLDDT,4_ss_pLDDT,5_ss_pLDDT,Average_Unrelaxed_Clashes,1_Unrelaxed_Clashes,2_Unrelaxed_Clashes,3_Unrelaxed_Clashes,4_Unrelaxed_Clashes,5_Unrelaxed_Clashes,Average_Relaxed_Clashes,1_Relaxed_Clashes,2_Relaxed_Clashes,3_Relaxed_Clashes,4_Relaxed_Clashes,5_Relaxed_Clashes,Average_Binder_Energy_Score,1_Binder_Energy_Score,2_Binder_Energy_Score,3_Binder_Energy_Score,4_Binder_Energy_Score,5_Binder_Energy_Score,Average_Surface_Hydrophobicity,1_Surface_Hydrophobicity,2_Surface_Hydrophobicity,3_Surface_Hydrophobicity,4_Surface_Hydrophobicity,5_Surface_Hydrophobicity,Average_ShapeComplementarity,1_ShapeComplementarity,2_ShapeComplementarity,3_ShapeComplementarity,4_ShapeComplementarity,5_ShapeComplementarity,Average_PackStat,1_PackStat,2_PackStat,3_PackStat,4_PackStat,5_PackStat,Average_dG,1_dG,2_dG,3_dG,4_dG,5_dG,Average_dSASA,1_dSASA,2_dSASA,3_dSASA,4_dSASA,5_dSASA,Average_dG/dSASA,1_dG/dSASA,2_dG/dSASA,3_dG/dSASA,4_dG/dSASA,5_dG/dSASA,Average_Interface_SASA_%,1_Interface_SASA_%,2_Interface_SASA_%,3_Interface_SASA_%,4_Interface_SASA_%,5_Interface_SASA_%,Average_Interface_Hydrophobicity,1_Interface_Hydrophobicity,2_Interface_Hydrophobicity,3_Interface_Hydrophobicity,4_Interface_Hydrophobicity,5_Interface_Hydrophobicity,Average_n_InterfaceResidues,1_n_InterfaceResidues,2_n_InterfaceResidues,3_n_InterfaceResidues,4_n_InterfaceResidues,5_n_InterfaceResidues,Average_n_InterfaceHbonds,1_n_InterfaceHbonds,2_n_InterfaceHbonds,3_n_InterfaceHbonds,4_n_InterfaceHbonds,5_n_InterfaceHbonds,Average_InterfaceHbondsPercentage,1_InterfaceHbondsPercentage,2_InterfaceHbondsPercentage,3_InterfaceHbondsPercentage,4_InterfaceHbondsPercentage,5_InterfaceHbondsPercentage,Average_n_InterfaceUnsatHbonds,1_n_InterfaceUnsatHbonds,2_n_InterfaceUnsatHbonds,3_n_InterfaceUnsatHbonds,4_n_InterfaceUnsatHbonds,5_n_InterfaceUnsatHbonds,Average_InterfaceUnsatHbondsPercentage,1_InterfaceUnsatHbondsPercentage,2_InterfaceUnsatHbondsPercentage,3_InterfaceUnsatHbondsPercentage,4_InterfaceUnsatHbondsPercentage,5_InterfaceUnsatHbondsPercentage,Average_Interface_Helix%,1_Interface_Helix%,2_Interface_Helix%,3_Interface_Helix%,4_Interface_Helix%,5_Interface_Helix%,Average_Interface_BetaSheet%,1_Interface_BetaSheet%,2_Interface_BetaSheet%,3_Interface_BetaSheet%,4_Interface_BetaSheet%,5_Interface_BetaSheet%,Average_Interface_Loop%,1_Interface_Loop%,2_Interface_Loop%,3_Interface_Loop%,4_Interface_Loop%,5_Interface_Loop%,Average_Binder_Helix%,1_Binder_Helix%,2_Binder_Helix%,3_Binder_Helix%,4_Binder_Helix%,5_Binder_Helix%,Average_Binder_BetaSheet%,1_Binder_BetaSheet%,2_Binder_BetaSheet%,3_Binder_BetaSheet%,4_Binder_BetaSheet%,5_Binder_BetaSheet%,Average_Binder_Loop%,1_Binder_Loop%,2_Binder_Loop%,3_Binder_Loop%,4_Binder_Loop%,5_Binder_Loop%,Average_InterfaceAAs,1_InterfaceAAs,2_InterfaceAAs,3_InterfaceAAs,4_InterfaceAAs,5_InterfaceAAs,Average_Hotspot_RMSD,1_Hotspot_RMSD,2_Hotspot_RMSD,3_Hotspot_RMSD,4_Hotspot_RMSD,5_Hotspot_RMSD,Average_Target_RMSD,1_Target_RMSD,2_Target_RMSD,3_Target_RMSD,4_Target_RMSD,5_Target_RMSD,Average_Binder_pLDDT,1_Binder_pLDDT,2_Binder_pLDDT,3_Binder_pLDDT,4_Binder_pLDDT,5_Binder_pLDDT,Average_Binder_pTM,1_Binder_pTM,2_Binder_pTM,3_Binder_pTM,4_Binder_pTM,5_Binder_pTM,Average_Binder_pAE,1_Binder_pAE,2_Binder_pAE,3_Binder_pAE,4_Binder_pAE,5_Binder_pAE,Average_Binder_RMSD,1_Binder_RMSD,2_Binder_RMSD,3_Binder_RMSD,4_Binder_RMSD,5_Binder_RMSD,DesignTime,Notes,TargetSettings,Filters,AdvancedSettings
EGFR_l69_s964438_mpnn1,4stage,69,964438,-0.3,,MLTDEEIEEIVAVLSKRWSPEEVEKFRNRMTGKDPDWPNPEEQKNHMEVLLMLRPKGIETPAEYFERMW,"B17,B37,B45,B46,B49,B50,B52,B53,B54,B55,B56,B57,B58,B64,B66,B67,B68,B69",0.83,0.6,0.85,0.86,0.84,,,,0.86,0.87,0.86,,,,0.71,0.74,0.69,,,,0.21,0.2,0.22,,,,0.24,0.23,0.26,,,,0.82,0.84,0.8,,,,0.87,0.88,0.86,,,,4.5,4,5,,,,0.0,0,0,,,,-152.85,-150.99,-154.71,,,,0.22,0.21,0.24,,,,0.58,0.57,0.59,,,,0.58,0.61,0.55,,,,-39.64,-41.31,-37.96,,,,1716.77,1711.4,1722.13,,,,-2.31,-2.41,-2.2,,,,41.75,41.31,42.19,,,,55.91,56.25,55.56,,,,17.0,16,18,,,,4.5,6,3,,,,27.09,37.5,16.67,,,,3.5,4.0,3.0,,,,20.84,25.0,16.67,,,,62.92,64.29,61.54,,,,0.0,0.0,0.0,,,,37.09,35.71,38.46,,,,63.05,63.77,62.32,,,,0.0,0.0,0.0,,,,36.95,36.23,37.68,,,,"{'A': 0.0, 'C': 0.0, 'D': 0.0, 'E': 1.0, 'F': 0.0, 'G': 0.5, 'H': 1.0, 'I': 1.0, 'K': 1.0, 'L': 2.0, 'M': 2.0, 'N': 1.0, 'P': 1.0, 'Q': 0.0, 'R': 3.0, 'S': 0.0, 'T': 0.0, 'V': 1.0, 'W': 1.5, 'Y': 1.0}","{'A': 0, 'C': 0, 'D': 0, 'E': 1, 'F': 0, 'G': 0, 'H': 1, 'I': 1, 'K': 1, 'L': 2, 'M': 2, 'N': 1, 'P': 1, 'Q': 0, 'R': 3, 'S': 0, 'T': 0, 'V': 1, 'W': 1, 'Y': 1}","{'A': 0, 'C': 0, 'D': 0, 'E': 1, 'F': 0, 'G': 1, 'H': 1, 'I': 1, 'K': 1, 'L': 2, 'M': 2, 'N': 1, 'P': 1, 'Q': 0, 'R': 3, 'S': 0, 'T': 0, 'V': 1, 'W': 2, 'Y': 1}",,,,2.83,3.05,2.6,,,,0.33,0.34,0.32,,,,0.8,0.71,0.89,,,,0.63,0.52,0.74,,,,0.2,0.28,0.12,,,,2.57,3.16,1.98,,,,"0 hours, 1 minutes, 29 seconds",,EGFR_2,default_filters_1,4stage_multimer_1
EGFR_l69_s964438_mpnn2,4stage,69,964438,-0.3,,MLTEEEIDAIVAELSKRWSPEEVERFRNLMTGKDPDWPNPEEQINHMNVLLMLRPKGIETPAEYFARMW,"B37,B42,B45,B46,B49,B50,B52,B53,B54,B55,B56,B57,B58,B64,B67,B68,B69",0.83,0.54,0.88,0.88,0.87,,,,0.87,0.87,0.87,,,,0.74,0.77,0.71,,,,0.19,0.18,0.2,,,,0.22,0.21,0.24,,,,0.84,0.85,0.84,,,,0.89,0.89,0.89,,,,3.5,1,6,,,,0.0,0,0,,,,-161.06,-164.83,-157.3,,,,0.23,0.23,0.22,,,,0.67,0.64,0.69,,,,0.64,0.65,0.63,,,,-39.86,-37.6,-42.11,,,,1542.34,1482.3,1602.37,,,,-2.58,-2.54,-2.63,,,,37.31,35.5,39.13,,,,59.97,61.11,58.82,,,,17.5,18,17,,,,4.5,4,5,,,,25.81,22.22,29.41,,,,4.0,4.0,4.0,,,,22.88,22.22,23.53,,,,62.92,61.54,64.29,,,,0.0,0.0,0.0,,,,37.09,38.46,35.71,,,,62.32,62.32,62.32,,,,0.0,0.0,0.0,,,,37.68,37.68,37.68,,,,"{'A': 0.5, 'C': 0.0, 'D': 0.0, 'E': 1.0, 'F': 0.0, 'G': 1.0, 'H': 1.0, 'I': 1.0, 'K': 1.0, 'L': 2.0, 'M': 2.0, 'N': 1.0, 'P': 1.0, 'Q': 0.0, 'R': 2.0, 'S': 0.0, 'T': 0.0, 'V': 1.0, 'W': 2.0, 'Y': 1.0}","{'A': 1, 'C': 0, 'D': 0, 'E': 1, 'F': 0, 'G': 1, 'H': 1, 'I': 1, 'K': 1, 'L': 2, 'M': 2, 'N': 1, 'P': 1, 'Q': 0, 'R': 2, 'S': 0, 'T': 0, 'V': 1, 'W': 2, 'Y': 1}","{'A': 0, 'C': 0, 'D': 0, 'E': 1, 'F': 0, 'G': 1, 'H': 1, 'I': 1, 'K': 1, 'L': 2, 'M': 2, 'N': 1, 'P': 1, 'Q': 0, 'R': 2, 'S': 0, 'T': 0, 'V': 1, 'W': 2, 'Y': 1}",,,,4.38,4.43,4.33,,,,0.32,0.34,0.3,,,,0.78,0.66,0.9,,,,0.59,0.46,0.73,,,,0.23,0.34,0.11,,,,3.15,4.33,1.97,,,,"0 hours, 1 minutes, 15 seconds",,EGFR_2,default_filters_1,4stage_multimer_1
EGFR_l69_s964438_mpnn3,4stage,69,964438,-0.3,,MLTDEEIEAIEAVLSKRWSPEEVEAFRNLLTGKDPDWPDPQEQINHMEVLLMLRPKGIETPAEYFDRMW,"B37,B42,B43,B45,B46,B49,B50,B52,B53,B54,B55,B56,B57,B58,B64,B67,B68,B69",0.85,0.54,0.84,0.85,0.84,,,,0.86,0.87,0.86,,,,0.71,0.74,0.67,,,,0.22,0.2,0.23,,,,0.26,0.24,0.27,,,,0.81,0.82,0.8,,,,0.86,0.87,0.86,,,,6.0,4,8,,,,0.0,0,0,,,,-149.49,-146.43,-152.54,,,,0.26,0.26,0.25,,,,0.66,0.68,0.64,,,,0.57,0.55,0.59,,,,-42.16,-46.62,-37.7,,,,1784.45,1840.74,1728.15,,,,-2.35,-2.53,-2.18,,,,43.36,43.84,42.87,,,,54.09,52.63,55.56,,,,18.5,19,18,,,,7.0,8,6,,,,37.72,42.11,33.33,,,,3.5,2.0,5.0,,,,19.16,10.53,27.78,,,,61.54,61.54,61.54,,,,0.0,0.0,0.0,,,,38.46,38.46,38.46,,,,62.32,62.32,62.32,,,,0.0,0.0,0.0,,,,37.68,37.68,37.68,,,,"{'A': 0.0, 'C': 0.0, 'D': 0.5, 'E': 1.0, 'F': 0.0, 'G': 1.0, 'H': 1.0, 'I': 1.0, 'K': 1.0, 'L': 2.0, 'M': 2.0, 'N': 1.0, 'P': 1.0, 'Q': 1.0, 'R': 2.0, 'S': 0.0, 'T': 0.0, 'V': 1.0, 'W': 2.0, 'Y': 1.0}","{'A': 0, 'C': 0, 'D': 1, 'E': 1, 'F': 0, 'G': 1, 'H': 1, 'I': 1, 'K': 1, 'L': 2, 'M': 2, 'N': 1, 'P': 1, 'Q': 1, 'R': 2, 'S': 0, 'T': 0, 'V': 1, 'W': 2, 'Y': 1}","{'A': 0, 'C': 0, 'D': 0, 'E': 1, 'F': 0, 'G': 1, 'H': 1, 'I': 1, 'K': 1, 'L': 2, 'M': 2, 'N': 1, 'P': 1, 'Q': 1, 'R': 2, 'S': 0, 'T': 0, 'V': 1, 'W': 2, 'Y': 1}",,,,2.92,2.98,2.87,,,,0.34,0.35,0.32,,,,0.77,0.64,0.89,,,,0.58,0.43,0.73,,,,0.23,0.35,0.12,,,,3.21,4.87,1.54,,,,"0 hours, 1 minutes, 14 seconds",,EGFR_2,default_filters_1,4stage_multimer_1
EGFR_l69_s964438_mpnn4,4stage,69,964438,-0.3,,MLSDEEIAAIEAVLSKRWSPEEVEAFRKYLTGEDPDWPNPEEQKNHMEVLLMLRPKGIETPAEYFDRMW,"B18,B29,B36,B37,B42,B45,B46,B49,B50,B52,B53,B54,B55,B56,B57,B58,B64,B67,B68,B69",0.87,0.48,0.86,0.86,0.86,,,,0.88,0.88,0.87,,,,0.74,0.77,0.71,,,,0.2,0.18,0.21,,,,0.23,0.21,0.25,,,,0.83,0.84,0.82,,,,0.88,0.88,0.88,,,,4.0,3,5,,,,0.0,0,0,,,,-157.28,-156.07,-158.5,,,,0.24,0.25,0.23,,,,0.67,0.67,0.67,,,,0.65,0.66,0.63,,,,-41.59,-41.37,-41.82,,,,1792.91,1933.03,1652.79,,,,-2.33,-2.14,-2.53,,,,44.59,48.43,40.75,,,,55.0,50.0,60.0,,,,19.0,18,20,,,,6.5,7,6,,,,34.45,38.89,30.0,,,,2.5,2.0,3.0,,,,13.05,11.11,15.0,,,,56.92,60.0,53.85,,,,0.0,0.0,0.0,,,,43.08,40.0,46.15,,,,62.32,62.32,62.32,,,,0.0,0.0,0.0,,,,37.68,37.68,37.68,,,,"{'A': 0.0, 'C': 0.0, 'D': 1.0, 'E': 1.0, 'F': 0.0, 'G': 0.5, 'H': 1.0, 'I': 0.5, 'K': 1.0, 'L': 2.0, 'M': 2.0, 'N': 1.0, 'P': 1.0, 'Q': 0.5, 'R': 2.5, 'S': 0.0, 'T': 0.0, 'V': 1.0, 'W': 2.5, 'Y': 1.5}","{'A': 0, 'C': 0, 'D': 1, 'E': 1, 'F': 0, 'G': 0, 'H': 1, 'I': 0, 'K': 1, 'L': 2, 'M': 2, 'N': 1, 'P': 1, 'Q': 1, 'R': 3, 'S': 0, 'T': 0, 'V': 1, 'W': 2, 'Y': 1}","{'A': 0, 'C': 0, 'D': 1, 'E': 1, 'F': 0, 'G': 1, 'H': 1, 'I': 1, 'K': 1, 'L': 2, 'M': 2, 'N': 1, 'P': 1, 'Q': 0, 'R': 2, 'S': 0, 'T': 0, 'V': 1, 'W': 3, 'Y': 2}",,,,2.06,2.06,2.06,,,,0.34,0.36,0.33,,,,0.77,0.65,0.89,,,,0.58,0.44,0.72,,,,0.23,0.34,0.12,,,,3.59,5.74,1.44,,,,"0 hours, 1 minutes, 14 seconds",,EGFR_2,default_filters_1,4stage_multimer_1
EGFR_l69_s964438_mpnn5,4stage,69,964438,-0.3,,MLTQEEIDAIVAELSRRWSPEEVQRFRDLMTGKDPDWPDPEEQKNHMEVLFMLRPKGIDTPAEYVRRMW,"B37,B42,B45,B46,B49,B50,B52,B53,B54,B55,B56,B58,B64,B66,B67,B68,B69",0.92,0.44,0.86,0.86,0.86,,,,0.88,0.87,0.88,,,,0.76,0.77,0.75,,,,0.19,0.19,0.19,,,,0.21,0.21,0.22,,,,0.83,0.83,0.84,,,,0.88,0.87,0.88,,,,4.0,4,4,,,,0.0,0,0,,,,-154.65,-151.74,-157.55,,,,0.23,0.23,0.22,,,,0.68,0.69,0.66,,,,0.64,0.65,0.63,,,,-42.31,-41.9,-42.72,,,,1734.42,1644.92,1823.92,,,,-2.44,-2.55,-2.34,,,,41.16,39.07,43.26,,,,59.97,61.11,58.82,,,,17.5,18,17,,,,7.0,7,7,,,,40.03,38.89,41.18,,,,4.5,6.0,3.0,,,,25.49,33.33,17.65,,,,60.0,60.0,60.0,,,,0.0,0.0,0.0,,,,40.0,40.0,40.0,,,,63.05,62.32,63.77,,,,0.0,0.0,0.0,,,,36.95,37.68,36.23,,,,"{'A': 0.0, 'C': 0.0, 'D': 0.0, 'E': 1.0, 'F': 0.0, 'G': 0.5, 'H': 1.0, 'I': 1.0, 'K': 1.0, 'L': 2.0, 'M': 2.0, 'N': 1.0, 'P': 1.0, 'Q': 0.0, 'R': 2.5, 'S': 0.0, 'T': 0.0, 'V': 1.0, 'W': 2.5, 'Y': 1.0}","{'A': 0, 'C': 0, 'D': 0, 'E': 1, 'F': 0, 'G': 1, 'H': 1, 'I': 1, 'K': 1, 'L': 2, 'M': 2, 'N': 1, 'P': 1, 'Q': 0, 'R': 2, 'S': 0, 'T': 0, 'V': 1, 'W': 3, 'Y': 1}","{'A': 0, 'C': 0, 'D': 0, 'E': 1, 'F': 0, 'G': 0, 'H': 1, 'I': 1, 'K': 1, 'L': 2, 'M': 2, 'N': 1, 'P': 1, 'Q': 0, 'R': 3, 'S': 0, 'T': 0, 'V': 1, 'W': 2, 'Y': 1}",,,,2.79,3.17,2.42,,,,0.34,0.36,0.32,,,,0.7,0.66,0.74,,,,0.48,0.4,0.57,,,,0.29,0.36,0.23,,,,4.29,5.31,3.27,,,,"0 hours, 1 minutes, 18 seconds",,EGFR_2,default_filters_1,4stage_multimer_1
EGFR_l86_s718962_mpnn1,4stage,86,718962,-0.3,,SLKEKLIEAIKEVASITDMSEEELQKYIDYVETTEPTLENVMKVVDRLLAIMHHNHHLHTWEEYQKVQKKLDEIIEEAKKLEEEKK,"B26,B27,B30,B42,B43,B44,B46,B47,B49,B50,B51,B53,B54,B56,B59,B60,B61,B64",0.94,0.31,0.9,0.91,0.89,,,,0.85,0.86,0.85,,,,0.73,0.75,0.71,,,,0.2,0.19,0.21,,,,0.25,0.23,0.27,,,,0.86,0.88,0.85,,,,0.92,0.92,0.91,,,,6.5,4,9,,,,0.0,0,0,,,,-234.19,-234.75,-233.62,,,,0.2,0.19,0.21,,,,0.69,0.66,0.71,,,,0.62,0.62,0.63,,,,-46.09,-44.56,-47.63,,,,1840.72,1816.18,1865.25,,,,-2.5,-2.45,-2.55,,,,38.29,37.62,38.96,,,,47.5,45.0,50.0,,,,19.0,20,18,,,,5.0,5,5,,,,26.39,25.0,27.78,,,,9.5,12.0,7.0,,,,49.45,60.0,38.89,,,,91.99,91.67,92.31,,,,0.0,0.0,0.0,,,,8.01,8.33,7.69,,,,83.14,84.88,81.4,,,,0.0,0.0,0.0,,,,16.86,15.12,18.6,,,,"{'A': 1.0, 'C': 0.0, 'D': 1.0, 'E': 0.0, 'F': 0.0, 'G': 0.0, 'H': 4.5, 'I': 1.0, 'K': 2.0, 'L': 1.0, 'M': 1.5, 'N': 0.0, 'P': 0.0, 'Q': 0.5, 'R': 1.0, 'S': 0.0, 'T': 1.0, 'V': 0.5, 'W': 1.0, 'Y': 3.0}","{'A': 1, 'C': 0, 'D': 1, 'E': 0, 'F': 0, 'G': 0, 'H': 5, 'I': 1, 'K': 2, 'L': 1, 'M': 2, 'N': 0, 'P': 0, 'Q': 1, 'R': 1, 'S': 0, 'T': 1, 'V': 0, 'W': 1, 'Y': 3}","{'A': 1, 'C': 0, 'D': 1, 'E': 0, 'F': 0, 'G': 0, 'H': 4, 'I': 1, 'K': 2, 'L': 1, 'M': 1, 'N': 0, 'P': 0, 'Q': 0, 'R': 1, 'S': 0, 'T': 1, 'V': 1, 'W': 1, 'Y': 3}",,,,1.25,1.25,1.24,,,,0.34,0.36,0.32,,,,0.91,0.9,0.92,,,,0.79,0.77,0.81,,,,0.12,0.13,0.11,,,,1.4,1.49,1.3,,,,"0 hours, 1 minutes, 52 seconds",,EGFR_2,default_filters_1,4stage_multimer_1
EGFR_l86_s718962_mpnn2,4stage,86,718962,-0.3,,SLKEKLIELIKEVAKHTNMSEEEVKKYIDYVETTEPTLENVMKVVDRLRAIMHHDHHLHTWEEYEAIQKKMDEIIEEAKKEEKEKK,"B26,B27,B30,B39,B42,B43,B44,B46,B47,B49,B50,B51,B52,B53,B54,B55,B58,B59,B60,B61,B64,B65,B68",0.95,0.37,0.88,0.87,0.88,,,,0.83,0.82,0.84,,,,0.65,0.62,0.67,,,,0.26,0.27,0.24,,,,0.32,0.35,0.3,,,,0.8,0.79,0.82,,,,0.9,0.89,0.91,,,,5.5,2,9,,,,0.0,0,0,,,,-223.28,-226.68,-219.88,,,,0.19,0.2,0.18,,,,0.64,0.66,0.62,,,,0.62,0.64,0.61,,,,-47.21,-42.87,-51.55,,,,1892.34,1702.84,2081.84,,,,-2.5,-2.52,-2.48,,,,37.34,34.01,40.68,,,,41.74,40.0,43.48,,,,21.5,20,23,,,,4.0,3,5,,,,18.37,15.0,21.74,,,,8.0,9.0,7.0,,,,37.72,45.0,30.43,,,,85.65,84.62,86.67,,,,0.0,0.0,0.0,,,,14.36,15.38,13.33,,,,81.4,81.4,81.4,,,,0.0,0.0,0.0,,,,18.6,18.6,18.6,,,,"{'A': 1.0, 'C': 0.0, 'D': 1.5, 'E': 2.0, 'F': 0.0, 'G': 0.0, 'H': 3.0, 'I': 1.0, 'K': 2.0, 'L': 1.0, 'M': 2.0, 'N': 0.0, 'P': 0.0, 'Q': 1.0, 'R': 2.0, 'S': 0.0, 'T': 1.0, 'V': 0.5, 'W': 1.0, 'Y': 2.5}","{'A': 1, 'C': 0, 'D': 1, 'E': 2, 'F': 0, 'G': 0, 'H': 3, 'I': 1, 'K': 2, 'L': 1, 'M': 2, 'N': 0, 'P': 0, 'Q': 1, 'R': 2, 'S': 0, 'T': 1, 'V': 0, 'W': 1, 'Y': 2}","{'A': 1, 'C': 0, 'D': 2, 'E': 2, 'F': 0, 'G': 0, 'H': 3, 'I': 1, 'K': 2, 'L': 1, 'M': 2, 'N': 0, 'P': 0, 'Q': 1, 'R': 2, 'S': 0, 'T': 1, 'V': 1, 'W': 1, 'Y': 3}",,,,1.74,1.78,1.7,,,,0.34,0.35,0.32,,,,0.88,0.88,0.88,,,,0.74,0.72,0.76,,,,0.15,0.15,0.14,,,,1.65,1.64,1.67,,,,"0 hours, 1 minutes, 33 seconds",,EGFR_2,default_filters_1,4stage_multimer_1
EGFR_l86_s718962_mpnn3,4stage,86,718962,-0.3,,SLKEELIELIEEVASITNMSEEEVQKYIDYVETTEPTYENVMKVVDRLLAIMHHDHHLHTWEEYQEVQSKADEILEKAKKIEEEKK,"B26,B27,B30,B38,B42,B43,B44,B46,B47,B50,B51,B52,B53,B54,B56,B57,B59,B60,B61,B62,B64",0.97,0.31,0.92,0.9,0.93,,,,0.87,0.86,0.88,,,,0.77,0.73,0.8,,,,0.18,0.2,0.16,,,,0.23,0.25,0.2,,,,0.88,0.85,0.91,,,,0.92,0.9,0.94,,,,7.0,4,10,,,,0.0,0,0,,,,-231.66,-236.92,-226.41,,,,0.19,0.19,0.19,,,,0.67,0.62,0.71,,,,0.67,0.68,0.65,,,,-43.1,-38.02,-48.18,,,,1873.03,1812.29,1933.76,,,,-2.29,-2.1,-2.49,,,,39.86,38.22,41.5,,,,47.49,47.37,47.62,,,,20.0,19,21,,,,3.5,3,4,,,,17.42,15.79,19.05,,,,8.0,8.0,8.0,,,,40.11,42.11,38.1,,,,93.09,92.86,93.33,,,,0.0,0.0,0.0,,,,6.9,7.14,6.67,,,,84.3,84.88,83.72,,,,0.0,0.0,0.0,,,,15.7,15.12,16.28,,,,"{'A': 1.0, 'C': 0.0, 'D': 1.0, 'E': 1.0, 'F': 0.0, 'G': 0.0, 'H': 4.5, 'I': 1.0, 'K': 2.0, 'L': 0.5, 'M': 2.0, 'N': 0.0, 'P': 0.0, 'Q': 0.0, 'R': 1.0, 'S': 0.0, 'T': 1.0, 'V': 0.5, 'W': 1.0, 'Y': 3.5}","{'A': 1, 'C': 0, 'D': 1, 'E': 1, 'F': 0, 'G': 0, 'H': 4, 'I': 1, 'K': 2, 'L': 1, 'M': 2, 'N': 0, 'P': 0, 'Q': 0, 'R': 1, 'S': 0, 'T': 1, 'V': 0, 'W': 1, 'Y': 3}","{'A': 1, 'C': 0, 'D': 1, 'E': 1, 'F': 0, 'G': 0, 'H': 5, 'I': 1, 'K': 2, 'L': 0, 'M': 2, 'N': 0, 'P': 0, 'Q': 0, 'R': 1, 'S': 0, 'T': 1, 'V': 1, 'W': 1, 'Y': 4}",,,,1.1,1.29,0.91,,,,0.34,0.34,0.33,,,,0.9,0.89,0.91,,,,0.79,0.77,0.82,,,,0.13,0.14,0.12,,,,1.6,1.6,1.6,,,,"0 hours, 1 minutes, 31 seconds",,EGFR_2,default_filters_1,4stage_multimer_1
EGFR_l86_s718962_mpnn4,4stage,86,718962,-0.3,,SLKEKLIELVKKVASITNMSEEEVQKYIDYVETTEPTLENVMKVVDRLMAIMHHNHHLHTWEEYQKVQAEADEIVAEAKEEEKKKK,"B23,B26,B27,B30,B42,B43,B46,B47,B50,B51,B52,B53,B54,B56,B59,B60,B61,B64,B68",1.01,0.4,0.93,0.92,0.93,,,,0.87,0.87,0.87,,,,0.79,0.79,0.78,,,,0.17,0.17,0.18,,,,0.22,0.21,0.23,,,,0.9,0.9,0.9,,,,0.93,0.93,0.93,,,,8.0,5,11,,,,0.0,0,0,,,,-233.5,-236.15,-230.84,,,,0.21,0.19,0.22,,,,0.67,0.66,0.67,,,,0.69,0.69,0.68,,,,-45.14,-47.61,-42.68,,,,1792.8,1810.47,1775.13,,,,-2.51,-2.63,-2.4,,,,37.55,38.11,36.99,,,,40.5,38.89,42.11,,,,18.5,18,19,,,,3.0,3,3,,,,16.23,16.67,15.79,,,,8.0,8.0,8.0,,,,43.27,44.44,42.11,,,,91.99,91.67,92.31,,,,0.0,0.0,0.0,,,,8.01,8.33,7.69,,,,86.05,86.05,86.05,,,,0.0,0.0,0.0,,,,13.95,13.95,13.95,,,,"{'A': 1.0, 'C': 0.0, 'D': 1.0, 'E': 1.0, 'F': 0.0, 'G': 0.0, 'H': 4.5, 'I': 1.0, 'K': 2.0, 'L': 0.0, 'M': 1.5, 'N': 0.0, 'P': 0.0, 'Q': 0.5, 'R': 1.0, 'S': 0.0, 'T': 1.0, 'V': 0.0, 'W': 1.0, 'Y': 3.0}","{'A': 1, 'C': 0, 'D': 1, 'E': 1, 'F': 0, 'G': 0, 'H': 5, 'I': 1, 'K': 2, 'L': 0, 'M': 1, 'N': 0, 'P': 0, 'Q': 0, 'R': 1, 'S': 0, 'T': 1, 'V': 0, 'W': 1, 'Y': 3}","{'A': 1, 'C': 0, 'D': 1, 'E': 1, 'F': 0, 'G': 0, 'H': 4, 'I': 1, 'K': 2, 'L': 0, 'M': 2, 'N': 0, 'P': 0, 'Q': 1, 'R': 1, 'S': 0, 'T': 1, 'V': 0, 'W': 1, 'Y': 3}",,,,1.08,1.06,1.1,,,,0.34,0.35,0.33,,,,0.91,0.9,0.92,,,,0.78,0.75,0.81,,,,0.12,0.13,0.11,,,,1.23,1.25,1.21,,,,"0 hours, 1 minutes, 28 seconds",,EGFR_2,default_filters_1,4stage_multimer_1
EGFR_l86_s718962_mpnn5,4stage,86,718962,-0.3,,SLKEKLIKLIEEVASHTNMSDEELQKYIDYVETTEPTLENVMKVVDRLLAIMHHDHHLHTWEEYQKIQKKMDEIIEEAERIQKELE,"B26,B27,B30,B42,B43,B44,B46,B47,B49,B50,B51,B52,B53,B54,B58,B59,B60,B61,B64,B68",1.02,0.34,0.87,0.86,0.88,,,,0.81,0.82,0.81,,,,0.61,0.63,0.59,,,,0.27,0.26,0.27,,,,0.34,0.33,0.35,,,,0.79,0.77,0.8,,,,0.9,0.89,0.9,,,,5.5,2,9,,,,0.0,0,0,,,,-227.52,-229.57,-225.48,,,,0.2,0.2,0.19,,,,0.64,0.69,0.59,,,,0.61,0.61,0.62,,,,-45.47,-40.82,-50.12,,,,1808.95,1728.99,1888.9,,,,-2.5,-2.36,-2.65,,,,37.05,36.03,38.08,,,,53.81,52.63,55.0,,,,19.5,19,20,,,,3.5,2,5,,,,17.77,10.53,25.0,,,,8.0,10.0,6.0,,,,41.31,52.63,30.0,,,,83.97,83.33,84.62,,,,0.0,0.0,0.0,,,,16.03,16.67,15.38,,,,80.81,80.23,81.4,,,,0.0,0.0,0.0,,,,19.19,19.77,18.6,,,,"{'A': 1.0, 'C': 0.0, 'D': 1.0, 'E': 0.0, 'F': 0.0, 'G': 0.0, 'H': 3.0, 'I': 1.0, 'K': 2.0, 'L': 2.0, 'M': 2.0, 'N': 0.0, 'P': 0.0, 'Q': 1.0, 'R': 1.0, 'S': 0.0, 'T': 1.0, 'V': 0.5, 'W': 1.0, 'Y': 3.0}","{'A': 1, 'C': 0, 'D': 1, 'E': 0, 'F': 0, 'G': 0, 'H': 3, 'I': 1, 'K': 2, 'L': 2, 'M': 2, 'N': 0, 'P': 0, 'Q': 1, 'R': 1, 'S': 0, 'T': 1, 'V': 0, 'W': 1, 'Y': 3}","{'A': 1, 'C': 0, 'D': 1, 'E': 0, 'F': 0, 'G': 0, 'H': 3, 'I': 1, 'K': 2, 'L': 2, 'M': 2, 'N': 0, 'P': 0, 'Q': 1, 'R': 1, 'S': 0, 'T': 1, 'V': 1, 'W': 1, 'Y': 3}",,,,1.89,2.02,1.75,,,,0.33,0.34,0.32,,,,0.9,0.89,0.91,,,,0.79,0.76,0.81,,,,0.13,0.14,0.12,,,,1.64,1.63,1.65,,,,"0 hours, 1 minutes, 28 seconds",,EGFR_2,default_filters_1,4stage_multimer_1
EGFR_l86_s718962_mpnn6,4stage,86,718962,-0.3,,SLKEKVIELIEMVASHTNMSKEELQKYIDYVNTTPMTLENVMKVVDRLRAIMHHNHHLHTWEEYQEIQAKMDEIIKEAKEEEEKKK,"B26,B27,B30,B42,B43,B44,B46,B47,B49,B50,B51,B52,B53,B54,B58,B59,B60,B61,B64",1.02,0.38,0.87,0.86,0.88,,,,0.83,0.83,0.84,,,,0.66,0.64,0.67,,,,0.25,0.26,0.24,,,,0.31,0.32,0.3,,,,0.8,0.78,0.82,,,,0.9,0.89,0.9,,,,5.0,2,8,,,,0.0,0,0,,,,-205.88,-201.91,-209.86,,,,0.21,0.21,0.21,,,,0.65,0.65,0.65,,,,0.61,0.62,0.61,,,,-44.8,-48.31,-41.29,,,,1890.28,1912.21,1868.34,,,,-2.37,-2.53,-2.21,,,,38.05,38.07,38.03,,,,51.31,50.0,52.63,,,,19.5,20,19,,,,3.5,5,2,,,,17.77,25.0,10.53,,,,7.5,6.0,9.0,,,,38.69,30.0,47.37,,,,88.15,84.62,91.67,,,,0.0,0.0,0.0,,,,11.86,15.38,8.33,,,,80.81,80.23,81.4,,,,0.0,0.0,0.0,,,,19.19,19.77,18.6,,,,"{'A': 1.0, 'C': 0.0, 'D': 1.0, 'E': 0.0, 'F': 0.0, 'G': 0.0, 'H': 3.5, 'I': 1.0, 'K': 2.0, 'L': 1.0, 'M': 2.0, 'N': 0.0, 'P': 0.0, 'Q': 0.0, 'R': 2.0, 'S': 0.0, 'T': 1.0, 'V': 1.0, 'W': 1.0, 'Y': 3.0}","{'A': 1, 'C': 0, 'D': 1, 'E': 0, 'F': 0, 'G': 0, 'H': 4, 'I': 1, 'K': 2, 'L': 1, 'M': 2, 'N': 0, 'P': 0, 'Q': 0, 'R': 2, 'S': 0, 'T': 1, 'V': 1, 'W': 1, 'Y': 3}","{'A': 1, 'C': 0, 'D': 1, 'E': 0, 'F': 0, 'G': 0, 'H': 3, 'I': 1, 'K': 2, 'L': 1, 'M': 2, 'N': 0, 'P': 0, 'Q': 0, 'R': 2, 'S': 0, 'T': 1, 'V': 1, 'W': 1, 'Y': 3}",,,,1.64,1.73,1.54,,,,0.34,0.35,0.32,,,,0.89,0.88,0.89,,,,0.77,0.74,0.79,,,,0.14,0.15,0.13,,,,1.64,1.63,1.65,,,,"0 hours, 1 minutes, 28 seconds",,EGFR_2,default_filters_1,4stage_multimer_1
EGFR_l86_s718962_mpnn7,4stage,86,718962,-0.3,,SLQERVIEAIKEVAAHTNMSEEELQKYIDYVKTTPMTLENVMKVVDRLLAIMHHDHHLHTWEEYQAIQAKLDAIVAEAARREAAAA,"B26,B27,B30,B31,B42,B43,B44,B46,B47,B49,B50,B51,B52,B53,B54,B58,B59,B60,B61,B64,B65,B68",1.05,0.4,0.88,0.87,0.88,,,,0.82,0.82,0.83,,,,0.62,0.61,0.64,,,,0.26,0.27,0.24,,,,0.33,0.34,0.31,,,,0.79,0.77,0.81,,,,0.9,0.89,0.9,,,,3.0,2,4,,,,0.0,0,0,,,,-207.88,-203.12,-212.63,,,,0.29,0.3,0.29,,,,0.6,0.62,0.58,,,,0.67,0.68,0.66,,,,-40.79,-36.95,-44.63,,,,1720.04,1610.74,1829.34,,,,-2.37,-2.29,-2.44,,,,36.33,33.84,38.81,,,,53.59,52.63,54.55,,,,20.5,19,22,,,,4.5,5,4,,,,22.25,26.32,18.18,,,,8.5,7.0,10.0,,,,41.15,36.84,45.45,,,,81.66,83.33,80.0,,,,0.0,0.0,0.0,,,,18.34,16.67,20.0,,,,80.23,80.23,80.23,,,,0.0,0.0,0.0,,,,19.77,19.77,19.77,,,,"{'A': 1.0, 'C': 0.0, 'D': 1.0, 'E': 0.5, 'F': 0.0, 'G': 0.0, 'H': 3.0, 'I': 1.0, 'K': 2.0, 'L': 2.0, 'M': 2.0, 'N': 0.0, 'P': 0.0, 'Q': 1.0, 'R': 1.0, 'S': 0.0, 'T': 1.0, 'V': 1.0, 'W': 1.0, 'Y': 3.0}","{'A': 1, 'C': 0, 'D': 1, 'E': 1, 'F': 0, 'G': 0, 'H': 3, 'I': 1, 'K': 2, 'L': 2, 'M': 2, 'N': 0, 'P': 0, 'Q': 0, 'R': 1, 'S': 0, 'T': 1, 'V': 0, 'W': 1, 'Y': 3}","{'A': 1, 'C': 0, 'D': 1, 'E': 0, 'F': 0, 'G': 0, 'H': 3, 'I': 1, 'K': 2, 'L': 2, 'M': 2, 'N': 0, 'P': 0, 'Q': 2, 'R': 1, 'S': 0, 'T': 1, 'V': 2, 'W': 1, 'Y': 3}",,,,1.97,2.28,1.66,,,,0.32,0.34,0.31,,,,0.9,0.89,0.91,,,,0.79,0.76,0.81,,,,0.12,0.13,0.11,,,,1.59,1.59,1.59,,,,"0 hours, 1 minutes, 19 seconds",,EGFR_2,default_filters_1,4stage_multimer_1
EGFR_l86_s718962_mpnn8,4stage,86,718962,-0.3,,SLKDEVIAAIRDVAAITNMSEEELQKYIDYVETTPMTLENVMKVADRLLAIMHHDHHLHTWEQYQEVQARLDAIIERARRLEEAAA,"B26,B27,B30,B31,B42,B43,B44,B46,B47,B49,B50,B51,B52,B53,B54,B58,B59,B60,B61,B64,B68",1.06,0.4,0.89,0.9,0.88,,,,0.83,0.84,0.83,,,,0.67,0.69,0.64,,,,0.22,0.21,0.24,,,,0.29,0.27,0.31,,,,0.83,0.85,0.81,,,,0.9,0.9,0.9,,,,4.0,3,5,,,,0.0,0,0,,,,-215.82,-219.77,-211.87,,,,0.26,0.27,0.24,,,,0.64,0.68,0.59,,,,0.66,0.69,0.62,,,,-45.09,-44.86,-45.33,,,,1766.38,1688.59,1844.17,,,,-2.56,-2.66,-2.46,,,,38.28,37.37,39.19,,,,49.62,42.11,57.14,,,,20.0,19,21,,,,3.5,3,4,,,,17.42,15.79,19.05,,,,7.5,8.0,7.0,,,,37.72,42.11,33.33,,,,88.47,92.31,84.62,,,,0.0,0.0,0.0,,,,11.54,7.69,15.38,,,,83.14,84.88,81.4,,,,0.0,0.0,0.0,,,,16.86,15.12,18.6,,,,"{'A': 1.0, 'C': 0.0, 'D': 1.0, 'E': 0.0, 'F': 0.0, 'G': 0.0, 'H': 4.0, 'I': 1.0, 'K': 2.0, 'L': 1.0, 'M': 2.0, 'N': 0.0, 'P': 0.0, 'Q': 1.0, 'R': 1.0, 'S': 0.0, 'T': 1.0, 'V': 1.0, 'W': 1.0, 'Y': 3.0}","{'A': 1, 'C': 0, 'D': 1, 'E': 0, 'F': 0, 'G': 0, 'H': 5, 'I': 1, 'K': 2, 'L': 0, 'M': 2, 'N': 0, 'P': 0, 'Q': 1, 'R': 1, 'S': 0, 'T': 1, 'V': 0, 'W': 1, 'Y': 3}","{'A': 1, 'C': 0, 'D': 1, 'E': 0, 'F': 0, 'G': 0, 'H': 3, 'I': 1, 'K': 2, 'L': 2, 'M': 2, 'N': 0, 'P': 0, 'Q': 1, 'R': 1, 'S': 0, 'T': 1, 'V': 2, 'W': 1, 'Y': 3}",,,,1.59,1.4,1.79,,,,0.33,0.35,0.31,,,,0.91,0.9,0.92,,,,0.8,0.78,0.82,,,,0.11,0.12,0.11,,,,1.44,1.42,1.45,,,,"0 hours, 1 minutes, 22 seconds",,EGFR_2,default_filters_1,4stage_multimer_1
EGFR_l86_s718962_mpnn9,4stage,86,718962,-0.3,,SLKDKLIALIKQVASHTNMSQEELQKYIDYVETTEPTLENVMKVVDRLLAIMHHDHHLHTWEQYQAIQAEMDAIVAEAERRQAALS,"B23,B26,B27,B30,B42,B43,B46,B47,B49,B50,B51,B52,B53,B54,B58,B59,B60,B61,B64",1.08,0.34,0.88,0.87,0.88,,,,0.83,0.82,0.84,,,,0.66,0.64,0.67,,,,0.24,0.26,0.23,,,,0.31,0.33,0.29,,,,0.8,0.78,0.83,,,,0.9,0.89,0.9,,,,5.0,2,8,,,,0.0,0,0,,,,-214.64,-213.21,-216.07,,,,0.27,0.28,0.26,,,,0.62,0.68,0.57,,,,0.68,0.7,0.65,,,,-40.15,-39.27,-41.03,,,,1698.6,1705.17,1692.02,,,,-2.36,-2.3,-2.42,,,,37.0,37.56,36.44,,,,51.31,50.0,52.63,,,,18.5,18,19,,,,3.5,4,3,,,,19.0,22.22,15.79,,,,5.0,4.0,6.0,,,,26.9,22.22,31.58,,,,85.0,83.33,86.67,,,,0.0,0.0,0.0,,,,15.0,16.67,13.33,,,,79.65,80.23,79.07,,,,0.0,0.0,0.0,,,,20.35,19.77,20.93,,,,"{'A': 1.0, 'C': 0.0, 'D': 1.0, 'E': 1.0, 'F': 0.0, 'G': 0.0, 'H': 3.0, 'I': 1.0, 'K': 2.0, 'L': 2.0, 'M': 1.5, 'N': 0.0, 'P': 0.0, 'Q': 0.0, 'R': 1.0, 'S': 0.0, 'T': 1.0, 'V': 0.0, 'W': 1.0, 'Y': 3.0}","{'A': 1, 'C': 0, 'D': 1, 'E': 1, 'F': 0, 'G': 0, 'H': 3, 'I': 1, 'K': 2, 'L': 2, 'M': 1, 'N': 0, 'P': 0, 'Q': 0, 'R': 1, 'S': 0, 'T': 1, 'V': 0, 'W': 1, 'Y': 3}","{'A': 1, 'C': 0, 'D': 1, 'E': 1, 'F': 0, 'G': 0, 'H': 3, 'I': 1, 'K': 2, 'L': 2, 'M': 2, 'N': 0, 'P': 0, 'Q': 0, 'R': 1, 'S': 0, 'T': 1, 'V': 0, 'W': 1, 'Y': 3}",,,,1.87,2.16,1.57,,,,0.33,0.34,0.32,,,,0.91,0.9,0.91,,,,0.8,0.78,0.81,,,,0.12,0.13,0.11,,,,1.61,1.63,1.6,,,,"0 hours, 1 minutes, 17 seconds",,EGFR_2,default_filters_1,4stage_multimer_1
EGFR_l63_s644701_mpnn1,4stage,63,644701,-0.3,,SEEEVKKAKEELEKAKKELEDFRHQPGKGVADHRDPENRAKILELQSKVFWLTIKVNELTEKA,"B20,B23,B24,B26,B27,B30,B31,B33,B34,B39,B42,B43,B46,B47,B50,B51,B53,B54,B57,B58,B60,B61",0.89,0.43,0.83,0.83,0.84,,,,0.86,0.86,0.87,,,,0.76,0.76,0.76,,,,0.24,0.24,0.24,,,,0.27,0.27,0.27,,,,0.81,0.79,0.83,,,,0.89,0.88,0.89,,,,2.5,4,1,,,,0.0,0,0,,,,-144.82,-148.11,-141.53,,,,0.21,0.22,0.2,,,,0.61,0.63,0.59,,,,0.57,0.55,0.59,,,,-37.26,-36.01,-38.51,,,,1893.08,1846.24,1939.91,,,,-1.97,-1.95,-1.99,,,,46.24,45.42,47.06,,,,33.97,31.58,36.36,,,,20.5,19,22,,,,6.5,8,5,,,,32.42,42.11,22.73,,,,4.0,5.0,3.0,,,,19.98,26.32,13.64,,,,83.48,82.35,84.62,,,,0.0,0.0,0.0,,,,16.52,17.65,15.38,,,,79.37,79.37,79.37,,,,0.0,0.0,0.0,,,,20.63,20.63,20.63,,,,"{'A': 0.5, 'C': 0.0, 'D': 0.0, 'E': 3.0, 'F': 1.0, 'G': 1.0, 'H': 2.0, 'I': 2.0, 'K': 0.0, 'L': 1.0, 'M': 0.0, 'N': 1.0, 'P': 0.5, 'Q': 1.0, 'R': 3.0, 'S': 1.0, 'T': 1.5, 'V': 1.0, 'W': 1.0, 'Y': 0.0}","{'A': 0, 'C': 0, 'D': 0, 'E': 3, 'F': 1, 'G': 1, 'H': 2, 'I': 2, 'K': 0, 'L': 1, 'M': 0, 'N': 1, 'P': 0, 'Q': 1, 'R': 3, 'S': 1, 'T': 1, 'V': 1, 'W': 1, 'Y': 0}","{'A': 1, 'C': 0, 'D': 0, 'E': 3, 'F': 1, 'G': 1, 'H': 2, 'I': 2, 'K': 0, 'L': 1, 'M': 0, 'N': 1, 'P': 1, 'Q': 1, 'R': 3, 'S': 1, 'T': 2, 'V': 1, 'W': 1, 'Y': 0}",,,,2.26,2.21,2.32,,,,0.4,0.38,0.41,,,,0.9,0.89,0.91,,,,0.74,0.72,0.76,,,,0.14,0.15,0.13,,,,2.09,2.05,2.13,,,,"0 hours, 1 minutes, 47 seconds",,EGFR_2,default_filters_1,4stage_multimer_1
EGFR_l63_s644701_mpnn2,4stage,63,644701,-0.3,,SKEEVEKAKKELEEAKKELEDFRHQPGKGVADHRDPENRAKILELQSRVFWLTIKVNEATEKA,"B20,B23,B24,B26,B27,B30,B31,B33,B34,B39,B42,B43,B46,B47,B50,B51,B53,B54,B57,B58,B61",0.94,0.48,0.83,0.83,0.84,,,,0.87,0.87,0.87,,,,0.78,0.78,0.78,,,,0.23,0.24,0.23,,,,0.26,0.26,0.26,,,,0.81,0.8,0.82,,,,0.89,0.88,0.89,,,,2.5,3,2,,,,0.0,0,0,,,,-140.84,-141.04,-140.64,,,,0.23,0.23,0.22,,,,0.67,0.69,0.64,,,,0.65,0.67,0.63,,,,-42.31,-43.23,-41.39,,,,1945.75,1934.64,1956.86,,,,-2.17,-2.23,-2.12,,,,47.37,47.24,47.5,,,,34.84,31.58,38.1,,,,20.0,19,21,,,,7.0,6,8,,,,34.84,31.58,38.1,,,,4.5,5.0,4.0,,,,22.69,26.32,19.05,,,,85.0,83.33,86.67,,,,0.0,0.0,0.0,,,,15.0,16.67,13.33,,,,79.37,79.37,79.37,,,,0.0,0.0,0.0,,,,20.63,20.63,20.63,,,,"{'A': 0.5, 'C': 0.0, 'D': 0.0, 'E': 3.0, 'F': 1.0, 'G': 1.0, 'H': 2.0, 'I': 2.0, 'K': 0.0, 'L': 1.0, 'M': 0.0, 'N': 1.0, 'P': 0.5, 'Q': 1.0, 'R': 3.0, 'S': 1.0, 'T': 1.0, 'V': 1.0, 'W': 1.0, 'Y': 0.0}","{'A': 0, 'C': 0, 'D': 0, 'E': 3, 'F': 1, 'G': 1, 'H': 2, 'I': 2, 'K': 0, 'L': 1, 'M': 0, 'N': 1, 'P': 0, 'Q': 1, 'R': 3, 'S': 1, 'T': 1, 'V': 1, 'W': 1, 'Y': 0}","{'A': 1, 'C': 0, 'D': 0, 'E': 3, 'F': 1, 'G': 1, 'H': 2, 'I': 2, 'K': 0, 'L': 1, 'M': 0, 'N': 1, 'P': 1, 'Q': 1, 'R': 3, 'S': 1, 'T': 1, 'V': 1, 'W': 1, 'Y': 0}",,,,2.27,2.23,2.31,,,,0.38,0.37,0.4,,,,0.91,0.89,0.92,,,,0.75,0.73,0.77,,,,0.14,0.15,0.12,,,,2.08,2.09,2.06,,,,"0 hours, 1 minutes, 21 seconds",,EGFR_2,default_filters_1,4stage_multimer_1
EGFR_l63_s644701_mpnn3,4stage,63,644701,-0.3,,SKEEVEKAKKELEEKKKELEDFRHQPGKGVADHRDPENRAKILELQSKVFWATIKVNEATEKA,"B20,B23,B24,B25,B26,B30,B31,B33,B34,B39,B42,B43,B46,B47,B50,B51,B53,B54,B57,B58,B60,B61",0.94,0.45,0.84,0.84,0.84,,,,0.87,0.87,0.87,,,,0.79,0.79,0.79,,,,0.23,0.23,0.23,,,,0.25,0.25,0.25,,,,0.83,0.82,0.84,,,,0.9,0.89,0.9,,,,2.5,3,2,,,,0.0,0,0,,,,-141.99,-141.86,-142.11,,,,0.22,0.23,0.21,,,,0.65,0.69,0.61,,,,0.59,0.61,0.57,,,,-43.43,-44.95,-41.91,,,,2021.73,2053.18,1990.28,,,,-2.15,-2.19,-2.11,,,,49.36,49.68,49.04,,,,35.68,35.0,36.36,,,,21.0,20,22,,,,7.0,7,7,,,,33.41,35.0,31.82,,,,4.5,4.0,5.0,,,,21.37,20.0,22.73,,,,86.97,88.24,85.71,,,,0.0,0.0,0.0,,,,13.02,11.76,14.29,,,,79.37,79.37,79.37,,,,0.0,0.0,0.0,,,,20.63,20.63,20.63,,,,"{'A': 0.5, 'C': 0.0, 'D': 0.0, 'E': 3.0, 'F': 1.0, 'G': 0.0, 'H': 2.0, 'I': 2.0, 'K': 0.0, 'L': 1.0, 'M': 0.0, 'N': 1.0, 'P': 1.0, 'Q': 1.5, 'R': 3.0, 'S': 1.0, 'T': 2.0, 'V': 1.0, 'W': 1.0, 'Y': 0.0}","{'A': 0, 'C': 0, 'D': 0, 'E': 3, 'F': 1, 'G': 0, 'H': 2, 'I': 2, 'K': 0, 'L': 1, 'M': 0, 'N': 1, 'P': 1, 'Q': 1, 'R': 3, 'S': 1, 'T': 2, 'V': 1, 'W': 1, 'Y': 0}","{'A': 1, 'C': 0, 'D': 0, 'E': 3, 'F': 1, 'G': 0, 'H': 2, 'I': 2, 'K': 0, 'L': 1, 'M': 0, 'N': 1, 'P': 1, 'Q': 2, 'R': 3, 'S': 1, 'T': 2, 'V': 1, 'W': 1, 'Y': 0}",,,,2.16,2.1,2.22,,,,0.39,0.38,0.4,,,,0.9,0.89,0.91,,,,0.74,0.72,0.76,,,,0.14,0.15,0.13,,,,2.03,2.03,2.03,,,,"0 hours, 1 minutes, 25 seconds",,EGFR_2,default_filters_1,4stage_multimer_1
EGFR_l63_s644701_mpnn4,4stage,63,644701,-0.3,,SEEEVKKAQEELEKKKKELEDFRHQPGKGVADHRNPENREKILELQSEVFWKTIEVNEKTEEA,"B16,B20,B23,B24,B26,B30,B31,B33,B34,B39,B42,B43,B46,B47,B50,B51,B53,B54,B57,B58,B60,B61",0.97,0.36,0.83,0.83,0.84,,,,0.88,0.87,0.88,,,,0.8,0.79,0.8,,,,0.23,0.23,0.22,,,,0.24,0.25,0.24,,,,0.81,0.81,0.81,,,,0.88,0.88,0.88,,,,1.5,2,1,,,,0.0,0,0,,,,-150.41,-145.98,-154.83,,,,0.18,0.19,0.18,,,,0.67,0.68,0.65,,,,0.66,0.66,0.65,,,,-41.82,-41.61,-42.03,,,,1896.3,1960.72,1831.88,,,,-2.21,-2.12,-2.29,,,,46.47,48.26,44.69,,,,36.36,36.36,36.36,,,,22.0,22,22,,,,6.5,7,6,,,,29.55,31.82,27.27,,,,3.5,3.0,4.0,,,,15.91,13.64,18.18,,,,87.87,88.24,87.5,,,,0.0,0.0,0.0,,,,12.13,11.76,12.5,,,,80.96,79.37,82.54,,,,0.0,0.0,0.0,,,,19.05,20.63,17.46,,,,"{'A': 1.0, 'C': 0.0, 'D': 0.0, 'E': 3.0, 'F': 1.0, 'G': 0.5, 'H': 2.0, 'I': 2.0, 'K': 0.5, 'L': 1.0, 'M': 0.0, 'N': 1.0, 'P': 1.0, 'Q': 1.0, 'R': 3.0, 'S': 1.0, 'T': 2.0, 'V': 1.0, 'W': 1.0, 'Y': 0.0}","{'A': 1, 'C': 0, 'D': 0, 'E': 3, 'F': 1, 'G': 1, 'H': 2, 'I': 2, 'K': 0, 'L': 1, 'M': 0, 'N': 1, 'P': 1, 'Q': 1, 'R': 3, 'S': 1, 'T': 2, 'V': 1, 'W': 1, 'Y': 0}","{'A': 1, 'C': 0, 'D': 0, 'E': 3, 'F': 1, 'G': 0, 'H': 2, 'I': 2, 'K': 1, 'L': 1, 'M': 0, 'N': 1, 'P': 1, 'Q': 1, 'R': 3, 'S': 1, 'T': 2, 'V': 1, 'W': 1, 'Y': 0}",,,,2.33,2.3,2.37,,,,0.44,0.43,0.44,,,,0.9,0.88,0.92,,,,0.72,0.69,0.76,,,,0.14,0.16,0.12,,,,2.1,2.12,2.08,,,,"0 hours, 1 minutes, 18 seconds",,EGFR_2,default_filters_1,4stage_multimer_1
EGFR_l63_s644701_mpnn5,4stage,63,644701,-0.3,,SKEEVEKAKKELEKAKAELEAFRHQPGEGVADHRDPANRAKILELQSRVFWLTIKVNEATEKA,"B16,B20,B23,B24,B25,B26,B27,B30,B33,B34,B39,B42,B43,B46,B47,B50,B51,B53,B54,B57,B58,B60,B61",0.97,0.45,0.83,0.83,0.84,,,,0.88,0.88,0.87,,,,0.8,0.8,0.79,,,,0.22,0.22,0.22,,,,0.24,0.24,0.24,,,,0.82,0.81,0.84,,,,0.89,0.89,0.89,,,,2.5,1,4,,,,0.0,0,0,,,,-136.06,-139.11,-133.0,,,,0.26,0.26,0.25,,,,0.66,0.69,0.63,,,,0.59,0.58,0.61,,,,-42.36,-46.66,-38.06,,,,1976.17,1977.78,1974.56,,,,-2.15,-2.36,-1.93,,,,46.75,46.1,47.4,,,,33.39,36.36,30.43,,,,22.5,22,23,,,,6.0,6,6,,,,26.68,27.27,26.09,,,,1.5,2.0,1.0,,,,6.72,9.09,4.35,,,,85.41,83.33,87.5,,,,0.0,0.0,0.0,,,,14.59,16.67,12.5,,,,79.37,79.37,79.37,,,,0.0,0.0,0.0,,,,20.63,20.63,20.63,,,,"{'A': 0.5, 'C': 0.0, 'D': 0.5, 'E': 3.0, 'F': 1.5, 'G': 0.5, 'H': 2.0, 'I': 2.0, 'K': 1.0, 'L': 1.0, 'M': 0.0, 'N': 1.5, 'P': 0.5, 'Q': 1.5, 'R': 2.5, 'S': 1.0, 'T': 1.5, 'V': 1.0, 'W': 1.0, 'Y': 0.0}","{'A': 1, 'C': 0, 'D': 1, 'E': 3, 'F': 2, 'G': 0, 'H': 2, 'I': 2, 'K': 1, 'L': 1, 'M': 0, 'N': 2, 'P': 0, 'Q': 1, 'R': 2, 'S': 1, 'T': 1, 'V': 1, 'W': 1, 'Y': 0}","{'A': 0, 'C': 0, 'D': 0, 'E': 3, 'F': 1, 'G': 1, 'H': 2, 'I': 2, 'K': 1, 'L': 1, 'M': 0, 'N': 1, 'P': 1, 'Q': 2, 'R': 3, 'S': 1, 'T': 2, 'V': 1, 'W': 1, 'Y': 0}",,,,2.02,2.08,1.97,,,,0.35,0.33,0.37,,,,0.88,0.87,0.88,,,,0.72,0.71,0.74,,,,0.17,0.17,0.16,,,,1.75,1.86,1.63,,,,"0 hours, 1 minutes, 18 seconds",,EGFR_2,default_filters_1,4stage_multimer_1
EGFR_l66_s279709_mpnn1,4stage,66,279709,-0.3,,SELEKKAEEVLELARIVAEGHQPGSTIPHKEAYEAYERMDKLWFEIIMEDPALSWKVEEEIQEIWK,"B17,B18,B20,B21,B22,B23,B25,B27,B28,B29,B32,B33,B36,B40,B41,B43,B44,B47,B48,B51,B54,B55,B58,B59,B62,B65",0.88,0.47,0.88,0.87,0.88,,,,0.81,0.82,0.81,,,,0.56,0.57,0.56,,,,0.27,0.27,0.27,,,,0.34,0.34,0.34,,,,0.82,0.82,0.83,,,,0.89,0.88,0.89,,,,8.0,9,7,,,,0.0,0,0,,,,-165.31,-166.49,-164.14,,,,0.21,0.21,0.22,,,,0.63,0.66,0.6,,,,0.61,0.61,0.61,,,,-54.57,-56.26,-52.88,,,,2154.78,2091.05,2218.5,,,,-2.54,-2.69,-2.38,,,,53.38,51.83,54.94,,,,56.62,55.56,57.69,,,,26.5,27,26,,,,8.0,8,8,,,,30.2,29.63,30.77,,,,6.0,3.0,9.0,,,,22.86,11.11,34.62,,,,89.28,92.86,85.71,,,,0.0,0.0,0.0,,,,10.71,7.14,14.29,,,,83.33,83.33,83.33,,,,0.0,0.0,0.0,,,,16.67,16.67,16.67,,,,"{'A': 2.0, 'C': 0.0, 'D': 1.0, 'E': 2.0, 'F': 1.0, 'G': 1.0, 'H': 2.0, 'I': 2.0, 'K': 1.5, 'L': 0.0, 'M': 1.0, 'N': 0.0, 'P': 3.0, 'Q': 2.0, 'R': 0.0, 'S': 2.0, 'T': 0.0, 'V': 1.0, 'W': 3.0, 'Y': 2.0}","{'A': 2, 'C': 0, 'D': 1, 'E': 2, 'F': 1, 'G': 1, 'H': 2, 'I': 2, 'K': 2, 'L': 0, 'M': 1, 'N': 0, 'P': 3, 'Q': 2, 'R': 0, 'S': 2, 'T': 0, 'V': 1, 'W': 3, 'Y': 2}","{'A': 2, 'C': 0, 'D': 1, 'E': 2, 'F': 1, 'G': 1, 'H': 2, 'I': 2, 'K': 1, 'L': 0, 'M': 1, 'N': 0, 'P': 3, 'Q': 2, 'R': 0, 'S': 2, 'T': 0, 'V': 1, 'W': 3, 'Y': 2}",,,,2.15,2.32,1.98,,,,0.38,0.4,0.37,,,,0.96,0.96,0.97,,,,0.82,0.81,0.84,,,,0.08,0.08,0.07,,,,1.31,1.27,1.36,,,,"0 hours, 1 minutes, 35 seconds",,EGFR_2,default_filters_1,4stage_multimer_1
EGFR_l66_s279709_mpnn2,4stage,66,279709,-0.3,,SMLEEKAKEVLELARIVAEGHQPGSTIPHKEAYEAYKRMDKLWFEIIMKDPALSWKVEEELQEIWK,"B17,B20,B21,B22,B23,B24,B25,B27,B28,B29,B32,B33,B36,B40,B41,B43,B44,B47,B48,B51,B52,B54,B55,B58,B62,B65,B66",0.89,0.42,0.88,0.87,0.88,,,,0.83,0.83,0.83,,,,0.61,0.6,0.62,,,,0.24,0.25,0.24,,,,0.31,0.32,0.3,,,,0.83,0.82,0.84,,,,0.89,0.88,0.89,,,,8.0,10,6,,,,0.0,0,0,,,,-168.75,-171.8,-165.69,,,,0.23,0.22,0.23,,,,0.66,0.63,0.68,,,,0.62,0.62,0.63,,,,-59.72,-60.42,-59.02,,,,2226.89,2171.7,2282.09,,,,-2.68,-2.78,-2.59,,,,55.59,53.37,57.82,,,,57.41,59.26,55.56,,,,27.0,27,27,,,,10.0,11,9,,,,37.03,40.74,33.33,,,,2.5,1.0,4.0,,,,9.26,3.7,14.81,,,,83.96,86.67,81.25,,,,0.0,0.0,0.0,,,,16.04,13.33,18.75,,,,83.33,83.33,83.33,,,,0.0,0.0,0.0,,,,16.67,16.67,16.67,,,,"{'A': 2.5, 'C': 0.0, 'D': 1.0, 'E': 1.0, 'F': 1.0, 'G': 1.5, 'H': 2.0, 'I': 2.0, 'K': 2.0, 'L': 0.0, 'M': 1.0, 'N': 0.0, 'P': 3.0, 'Q': 2.0, 'R': 0.0, 'S': 2.0, 'T': 0.0, 'V': 1.0, 'W': 3.0, 'Y': 2.0}","{'A': 3, 'C': 0, 'D': 1, 'E': 1, 'F': 1, 'G': 1, 'H': 2, 'I': 2, 'K': 2, 'L': 0, 'M': 1, 'N': 0, 'P': 3, 'Q': 2, 'R': 0, 'S': 2, 'T': 0, 'V': 1, 'W': 3, 'Y': 2}","{'A': 2, 'C': 0, 'D': 1, 'E': 1, 'F': 1, 'G': 2, 'H': 2, 'I': 2, 'K': 2, 'L': 0, 'M': 1, 'N': 0, 'P': 3, 'Q': 2, 'R': 0, 'S': 2, 'T': 0, 'V': 1, 'W': 3, 'Y': 2}",,,,1.75,1.86,1.64,,,,0.4,0.41,0.39,,,,0.96,0.96,0.96,,,,0.82,0.81,0.83,,,,0.08,0.08,0.07,,,,1.23,1.27,1.19,,,,"0 hours, 1 minutes, 23 seconds",,EGFR_2,default_filters_1,4stage_multimer_1
EGFR_l66_s279709_mpnn3,4stage,66,279709,-0.3,,SSLEEKAKEVIELAKEVAEGHQPGSTIPHKEAYEKYEEMDKKWFEIIMEDPALSWKVEEKIQEIWK,"B17,B20,B21,B22,B23,B25,B27,B28,B29,B30,B32,B33,B36,B40,B41,B43,B44,B47,B48,B51,B52,B54,B55,B58,B62,B65,B66",0.89,0.29,0.86,0.86,0.86,,,,0.83,0.83,0.84,,,,0.61,0.61,0.61,,,,0.26,0.26,0.25,,,,0.31,0.32,0.3,,,,0.82,0.82,0.82,,,,0.88,0.87,0.88,,,,12.5,14,11,,,,0.0,0,0,,,,-168.12,-172.13,-164.11,,,,0.2,0.2,0.2,,,,0.67,0.66,0.68,,,,0.62,0.66,0.59,,,,-58.19,-57.4,-58.97,,,,2184.68,2212.81,2156.55,,,,-2.66,-2.59,-2.73,,,,55.12,56.12,54.12,,,,55.56,55.56,55.56,,,,27.0,27,27,,,,8.5,9,8,,,,31.48,33.33,29.63,,,,3.5,5.0,2.0,,,,12.96,18.52,7.41,,,,82.35,88.24,76.47,,,,0.0,0.0,0.0,,,,17.64,11.76,23.53,,,,81.82,81.82,81.82,,,,0.0,0.0,0.0,,,,18.18,18.18,18.18,,,,"{'A': 2.0, 'C': 0.0, 'D': 1.0, 'E': 1.5, 'F': 1.0, 'G': 1.0, 'H': 2.0, 'I': 2.0, 'K': 2.5, 'L': 0.0, 'M': 1.0, 'N': 0.0, 'P': 3.0, 'Q': 2.0, 'R': 0.0, 'S': 2.0, 'T': 0.0, 'V': 1.0, 'W': 3.0, 'Y': 2.0}","{'A': 2, 'C': 0, 'D': 1, 'E': 2, 'F': 1, 'G': 1, 'H': 2, 'I': 2, 'K': 2, 'L': 0, 'M': 1, 'N': 0, 'P': 3, 'Q': 2, 'R': 0, 'S': 2, 'T': 0, 'V': 1, 'W': 3, 'Y': 2}","{'A': 2, 'C': 0, 'D': 1, 'E': 1, 'F': 1, 'G': 1, 'H': 2, 'I': 2, 'K': 3, 'L': 0, 'M': 1, 'N': 0, 'P': 3, 'Q': 2, 'R': 0, 'S': 2, 'T': 0, 'V': 1, 'W': 3, 'Y': 2}",,,,1.92,2.19,1.64,,,,0.4,0.41,0.39,,,,0.93,0.93,0.93,,,,0.79,0.78,0.8,,,,0.1,0.1,0.09,,,,1.5,1.55,1.46,,,,"0 hours, 1 minutes, 18 seconds",,EGFR_2,default_filters_1,4stage_multimer_1
EGFR_l66_s279709_mpnn4,4stage,66,279709,-0.3,,SELEKKAEEVIELARVVAEGHQPGSTIPHKEAYEKYERMDKLWFEIIMEDPALSWKVEEELQEIWK,"B17,B20,B21,B22,B23,B25,B27,B28,B29,B32,B33,B36,B40,B41,B43,B44,B47,B48,B51,B54,B55,B58,B62,B65,B66",0.89,0.39,0.88,0.87,0.88,,,,0.84,0.84,0.84,,,,0.64,0.65,0.63,,,,0.23,0.23,0.22,,,,0.28,0.28,0.28,,,,0.83,0.83,0.84,,,,0.89,0.88,0.89,,,,9.0,11,7,,,,0.0,0,0,,,,-168.31,-173.74,-162.87,,,,0.21,0.21,0.21,,,,0.67,0.67,0.67,,,,0.6,0.6,0.61,,,,-61.48,-65.9,-57.07,,,,2213.86,2330.25,2097.48,,,,-2.78,-2.83,-2.72,,,,54.41,57.73,51.08,,,,56.34,56.67,56.0,,,,27.5,30,25,,,,9.5,11,8,,,,34.34,36.67,32.0,,,,2.5,3.0,2.0,,,,9.0,10.0,8.0,,,,81.97,85.0,78.95,,,,0.0,0.0,0.0,,,,18.02,15.0,21.05,,,,83.33,83.33,83.33,,,,0.0,0.0,0.0,,,,16.67,16.67,16.67,,,,"{'A': 2.0, 'C': 0.0, 'D': 1.0, 'E': 2.0, 'F': 1.0, 'G': 1.0, 'H': 2.0, 'I': 2.5, 'K': 2.0, 'L': 0.0, 'M': 1.0, 'N': 0.0, 'P': 3.0, 'Q': 2.0, 'R': 0.0, 'S': 2.0, 'T': 0.0, 'V': 1.0, 'W': 3.0, 'Y': 2.0}","{'A': 3, 'C': 0, 'D': 1, 'E': 3, 'F': 1, 'G': 1, 'H': 2, 'I': 3, 'K': 2, 'L': 0, 'M': 1, 'N': 0, 'P': 3, 'Q': 2, 'R': 0, 'S': 2, 'T': 0, 'V': 1, 'W': 3, 'Y': 2}","{'A': 1, 'C': 0, 'D': 1, 'E': 1, 'F': 1, 'G': 1, 'H': 2, 'I': 2, 'K': 2, 'L': 0, 'M': 1, 'N': 0, 'P': 3, 'Q': 2, 'R': 0, 'S': 2, 'T': 0, 'V': 1, 'W': 3, 'Y': 2}",,,,1.59,1.62,1.56,,,,0.4,0.41,0.38,,,,0.95,0.95,0.96,,,,0.81,0.79,0.83,,,,0.08,0.09,0.07,,,,1.3,1.35,1.25,,,,"0 hours, 1 minutes, 21 seconds",,EGFR_2,default_filters_1,4stage_multimer_1
EGFR_l70_s204460_mpnn1,4stage,70,204460,-0.3,,SIMDVAREMMGEQWQRLWDGEEGVTADKTVEENDNIVNVALNMKRGIDPSTFSEKEKEIYEKMEKKLKEQ,"B3,B6,B7,B10,B11,B14,B15,B17,B18,B20,B25,B26,B27,B29,B30,B31,B33,B34,B37,B38,B40,B41,B42,B44,B45,B47,B51,B52",0.9,0.55,0.92,0.92,0.91,,,,0.86,0.88,0.85,,,,0.76,0.82,0.71,,,,0.18,0.15,0.21,,,,0.22,0.17,0.26,,,,0.89,0.9,0.88,,,,0.92,0.92,0.91,,,,10.0,13,7,,,,0.0,0,0,,,,-180.82,-189.41,-172.23,,,,0.17,0.16,0.18,,,,0.67,0.67,0.66,,,,0.62,0.61,0.63,,,,-55.42,-57.48,-53.36,,,,2561.94,2536.32,2587.56,,,,-2.17,-2.27,-2.06,,,,65.14,66.27,64.01,,,,46.29,46.15,46.43,,,,27.0,26,28,,,,3.5,3,4,,,,12.91,11.54,14.29,,,,5.0,5.0,5.0,,,,18.55,19.23,17.86,,,,89.97,90.48,89.47,,,,0.0,0.0,0.0,,,,10.02,9.52,10.53,,,,79.28,80.0,78.57,,,,0.0,0.0,0.0,,,,20.71,20.0,21.43,,,,"{'A': 3.0, 'C': 0.0, 'D': 2.0, 'E': 1.5, 'F': 0.5, 'G': 1.5, 'H': 0.0, 'I': 1.0, 'K': 1.0, 'L': 2.0, 'M': 2.0, 'N': 3.0, 'P': 0.0, 'Q': 1.0, 'R': 2.0, 'S': 0.0, 'T': 2.5, 'V': 2.0, 'W': 2.0, 'Y': 0.0}","{'A': 3, 'C': 0, 'D': 2, 'E': 2, 'F': 0, 'G': 1, 'H': 0, 'I': 1, 'K': 1, 'L': 2, 'M': 2, 'N': 3, 'P': 0, 'Q': 1, 'R': 2, 'S': 0, 'T': 2, 'V': 2, 'W': 2, 'Y': 0}","{'A': 3, 'C': 0, 'D': 2, 'E': 1, 'F': 1, 'G': 2, 'H': 0, 'I': 1, 'K': 1, 'L': 2, 'M': 2, 'N': 3, 'P': 0, 'Q': 1, 'R': 2, 'S': 0, 'T': 3, 'V': 2, 'W': 2, 'Y': 0}",,,,1.56,0.99,2.12,,,,0.53,0.64,0.42,,,,0.89,0.95,0.83,,,,0.75,0.81,0.69,,,,0.13,0.08,0.18,,,,3.42,1.02,5.82,,,,"0 hours, 1 minutes, 38 seconds",,EGFR_2,default_filters_1,4stage_multimer_1
EGFR_l70_s204460_mpnn2,4stage,70,204460,-0.3,,SIMDVAREMMGEQWQKLWNGEPGVTADSTVKANDTIVNVALNMKRGIDPSLFSEEEQKIYEKMKKKLEEQ,"B3,B6,B7,B10,B11,B14,B15,B17,B18,B25,B26,B27,B29,B30,B31,B33,B34,B37,B38,B40,B41,B42,B44,B45,B47,B51,B56",0.95,0.64,0.92,0.92,0.92,,,,0.87,0.88,0.86,,,,0.78,0.83,0.74,,,,0.17,0.14,0.19,,,,0.2,0.16,0.24,,,,0.9,0.91,0.89,,,,0.93,0.93,0.92,,,,11.0,14,8,,,,0.0,0,0,,,,-178.83,-180.34,-177.32,,,,0.19,0.19,0.19,,,,0.64,0.65,0.63,,,,0.64,0.59,0.68,,,,-52.51,-52.2,-52.81,,,,2392.98,2359.99,2425.98,,,,-2.2,-2.21,-2.18,,,,59.83,58.9,60.75,,,,49.08,50.0,48.15,,,,26.5,26,27,,,,4.5,4,5,,,,16.95,15.38,18.52,,,,7.0,6.0,8.0,,,,26.35,23.08,29.63,,,,89.69,90.48,88.89,,,,0.0,0.0,0.0,,,,10.31,9.52,11.11,,,,78.57,78.57,78.57,,,,0.0,0.0,0.0,,,,21.43,21.43,21.43,,,,"{'A': 3.0, 'C': 0.0, 'D': 2.0, 'E': 1.0, 'F': 0.0, 'G': 1.0, 'H': 0.0, 'I': 1.0, 'K': 2.0, 'L': 3.0, 'M': 2.0, 'N': 3.0, 'P': 0.0, 'Q': 1.0, 'R': 2.0, 'S': 0.0, 'T': 1.5, 'V': 2.0, 'W': 2.0, 'Y': 0.0}","{'A': 3, 'C': 0, 'D': 2, 'E': 1, 'F': 0, 'G': 1, 'H': 0, 'I': 1, 'K': 2, 'L': 3, 'M': 2, 'N': 3, 'P': 0, 'Q': 1, 'R': 2, 'S': 0, 'T': 1, 'V': 2, 'W': 2, 'Y': 0}","{'A': 3, 'C': 0, 'D': 2, 'E': 1, 'F': 0, 'G': 1, 'H': 0, 'I': 1, 'K': 2, 'L': 3, 'M': 2, 'N': 3, 'P': 0, 'Q': 1, 'R': 2, 'S': 0, 'T': 2, 'V': 2, 'W': 2, 'Y': 0}",,,,1.24,0.88,1.59,,,,0.57,0.66,0.49,,,,0.96,0.96,0.97,,,,0.82,0.81,0.83,,,,0.08,0.08,0.07,,,,0.72,0.69,0.75,,,,"0 hours, 1 minutes, 26 seconds",,EGFR_2,default_filters_1,4stage_multimer_1
EGFR_l70_s204460_mpnn3,4stage,70,204460,-0.3,,SIMDVAREMMGEQWQKLWNGEKGVTADSTVAANDTIVNVALNLKRGIDPKTFSAEEQKIYKEMEEKLKKQ,"B3,B7,B10,B11,B14,B17,B18,B19,B20,B25,B26,B27,B30,B31,B33,B34,B37,B38,B41,B42,B44,B45,B47,B51,B52",0.99,0.55,0.92,0.92,0.91,,,,0.86,0.88,0.85,,,,0.77,0.83,0.71,,,,0.17,0.14,0.21,,,,0.22,0.16,0.27,,,,0.9,0.91,0.88,,,,0.92,0.92,0.91,,,,13.5,16,11,,,,0.5,0,1,,,,-176.34,-178.24,-174.43,,,,0.2,0.19,0.21,,,,0.67,0.68,0.66,,,,0.64,0.68,0.6,,,,-53.83,-55.23,-52.43,,,,2269.88,2331.03,2208.72,,,,-2.37,-2.37,-2.37,,,,56.08,58.16,53.99,,,,49.0,50.0,48.0,,,,25.5,26,25,,,,4.0,5,3,,,,15.62,19.23,12.0,,,,2.5,4.0,1.0,,,,9.69,15.38,4.0,,,,89.97,90.48,89.47,,,,0.0,0.0,0.0,,,,10.02,9.52,10.53,,,,78.57,78.57,78.57,,,,0.0,0.0,0.0,,,,21.43,21.43,21.43,,,,"{'A': 3.0, 'C': 0.0, 'D': 2.0, 'E': 0.5, 'F': 0.5, 'G': 1.5, 'H': 0.0, 'I': 1.0, 'K': 1.0, 'L': 2.0, 'M': 2.0, 'N': 3.5, 'P': 0.0, 'Q': 0.5, 'R': 2.0, 'S': 0.0, 'T': 2.0, 'V': 2.0, 'W': 2.0, 'Y': 0.0}","{'A': 4, 'C': 0, 'D': 2, 'E': 1, 'F': 0, 'G': 1, 'H': 0, 'I': 1, 'K': 1, 'L': 2, 'M': 2, 'N': 3, 'P': 0, 'Q': 1, 'R': 2, 'S': 0, 'T': 2, 'V': 2, 'W': 2, 'Y': 0}","{'A': 2, 'C': 0, 'D': 2, 'E': 0, 'F': 1, 'G': 2, 'H': 0, 'I': 1, 'K': 1, 'L': 2, 'M': 2, 'N': 4, 'P': 0, 'Q': 0, 'R': 2, 'S': 0, 'T': 2, 'V': 2, 'W': 2, 'Y': 0}",,,,1.52,0.81,2.22,,,,0.55,0.7,0.4,,,,0.95,0.95,0.96,,,,0.81,0.8,0.83,,,,0.08,0.09,0.08,,,,0.92,0.87,0.96,,,,"0 hours, 1 minutes, 24 seconds",Relaxed structure contains clashes.,EGFR_2,default_filters_1,4stage_multimer_1
